sample,type
09dce16ca442c72834d91c4f5149568a.json,['Tsunami']
5e69cc043a63a1bdb93bbe80be53b0a9.json,"['VirTool', 'Infelf']"
b13bfeeb27d790631a6ad33ca58f177d.json,"['Virus', 'RST']"
cbfc4d6280e8ddb3c05b296ecad00775.json,"['Exploit', 'Local']"
6938bdd8620c036934ec1dc62b17886f.json,['Stiniter']
03f734c696b0280fdf2f77a5135ebe6a.json,"['Exploit', 'Wuftpd']"
e16ce46496d5171365709631e7514e7e.json,"['Exploit', 'Exploit']"
9f508129eba684fa40aba537d30a5fe4.json,"['Trojan', 'Rootkit']"
58c23ca549c941f0d44b35fa31d77011.json,['Agent']
37e80c5cf740d55c4f87b81b8be15493.json,"['Exploit', 'Slapper']"
704c624ae738ed5263f221942b97c10a.json,[]
6ad42d881a6427289cb165fa300b64d3.json,"['Trojan', 'Bumat!rts']"
b636467f3e642595796160ddb80deb3d.json,"['Trojan', 'Expl']"
3f318db80bb0a2e54b184d96f7ef0601.json,"['EXP', 'Linux']"
2314fe0ba2a4c76c645580ea8cb7ddb6.json,"['Backdoor', 'Cyrax']"
e0fe63611e571d1f680083796bb593e3.json,"['Exploit', 'Exploit']"
4771131166abdda77b262eb0aaa49de1.json,"['Exploit', 'Exploit']"
ae30ff4b0c47e009a08af4d76e183340.json,"['VirTool', 'Agent']"
a71c756f78583895afe7e03336686f8b.json,"['VirTool', 'Agent']"
44d65e7d0a853db462842ca4e4e6d6b3.json,"['Virus', 'Grip!gen0']"
ce7b991c3533c4a1d7ccced608ed6e69.json,"['Trojan', 'Orsam!rts']"
dec0c580373407e5d18eec8df5c673f0.json,"['Backdoor', 'Neo']"
df1f6e535b10e1716dd5589af982bef4.json,"['Virus', 'RST']"
738f3a13547949f5c837e0eefdedd71e.json,"['Exploit', 'ShellCode']"
bcca6a06eb8a8f377168d63d9a164753.json,"['Exploit', 'Epoll']"
ba2435b3061414c2ba624314d3f581d9.json,"['Virus', 'RST']"
88d3e853ccdd10ed4d315e8246e54194.json,"['Virus', 'Gildo']"
2b368175459861e2cc4ddb824c1ff29b.json,"['Virus', 'RST']"
4d702d442e68a053aba4ffea0dc12332.json,"['Worm', 'Milen']"
5de875f7950f33dc586889f5c8315dc8.json,"['Worm', 'Lion']"
715d19b5a095031f69f5041925dd754e.json,"['Exploit', 'Local']"
875c658148bf138b54a94a303c4225bb.json,"['Virus', 'RST']"
1a46e25a5c3419f1dbc7b63b59053ab3.json,"['Virus', 'RST']"
48c3e839d89f790d7eaee8ad27a6d5a7.json,"['Trojan', 'Small']"
4019d43e6c98776a1c8f414aee5f7a71.json,"['Trojan', 'Bumat!rts']"
669db3ade2e2cbf0e9519c6b24557fb2.json,"['Backdoor', 'Tsunami']"
e43192b0d5f63c94cc37a3c2d33af5f5.json,"['Virus', 'OSF']"
c66ed0aee76fab6b808e733872711cca.json,"['Virus', 'RST']"
05365f537c3abf2f0698439be97a557e.json,"['Virus', 'RST']"
1df37db2b764ff6147c1a2a1a58a8874.json,"['Trojan', 'Rogue']"
58f00c14942cae1e9f24b03d55cd295d.json,"['Worm', 'Psyb0t']"
ec5608264c61622fdff52e682d83a694.json,"['Virus', 'RST']"
5179f21253baa2b70bcce642a403f9db.json,[]
863dbe115c05f0aadf08435c41b94b40.json,"['Exploit', 'DCom']"
49b4d560688f95a9baf34ffed1c51b2a.json,"['Trojan', 'Flood']"
a7dbcd1a97f09c4d7dc8fbdefb970f4c.json,[]
a098ce40e4730a859fba3f2272baa6ef.json,[]
1799e219c1b5636dc09a233ee305a407.json,"['Rootkit', 'Agent']"
5e882215774c003005c5c540f25baa8b.json,"['Trojan', 'WuFtpd']"
a6c2f2678d86ebc22ed9c159e992ee49.json,[]
1692f24d5b140d8e3ccf7716c10abc43.json,"['SPR', 'Tool']"
58d958dedf888c97983b4245132b1e25.json,"['Virus', 'RST']"
7e1a2d7b22d42035e93a4bbbd999c0e0.json,"['Net-Worm', 'Lion']"
e687afc00875b02c991a595c090a8f30.json,['Ramen']
17eb3a901811ea86f7d71394cde36202.json,"['Trojan', 'Meche']"
58df5d766608bee112b5770732309a6b.json,"['Trojan', 'Sshscan']"
dc2ce04ff17180bda47d35e81efcc994.json,"['Virus', 'RST']"
77f289d4b591b61716da3a49d4b94dd2.json,"['Virus', 'Telf']"
c074175c14226d65acc2239784f8469a.json,"['Trojan', 'Escal']"
f4248c0c16786f5a711c4d9ec5bd9c52.json,['Osf']
4f8f2d4d134e2e5841eb342621bbdef4.json,"['Virus', 'RST']"
5c26fd9c72f9636145447e5335d53a7e.json,"['Exploit', 'Exploit']"
b93f8a50f2639c704ba61404a353aedd.json,"['Exploit', 'Epoll']"
9864de45b9404390d87a52e8da00c445.json,"['Trojan', 'Agent']"
d093dde9a9fc94236d64e777afbb8055.json,"['DoS', 'Teardrop']"
881d1210137f54dfc1270b3b0a5d78a8.json,"['Exploit', 'Madvise']"
649bc9540084e7529083fff411c854b1.json,[]
a3444bcfdff812f232b7c3841f038861.json,[]
6a24c766e368b8fb26473bf622f58c3b.json,"['Exploit', 'Local']"
2868861f9f783b7a1a089a1d67a1dc1e.json,"['Exploit', 'Exploit']"
a5be45bd7eeaae73fbe04598f1fb6aba.json,"['Trojan', 'Bumat!rts']"
a3b0f8c69d0163aa8eda31c7185ba3df.json,"['DoS', 'Kod']"
837b66033d66868ffdafb2ab34af7372.json,"['Trojan', 'Bumat!rts']"
4303ef309b0e3c67b9f32134af0a8e47.json,False
292e8521a9f2173026440279d6105f0b.json,"['Trojan', 'Rootkit']"
157461331922d8112b5bc7d33b2067e1.json,"['Worm', 'Ramen']"
06fe14fcdc6dadcd3f78e14121fa7b8c.json,"['Worm', 'Ramen']"
dc1b83df4a03f04347e51e557af8afe0.json,"['Backdoor', 'Small']"
542456886e6b8416bad279a3a4f918b7.json,"['Backdoor', 'Tsunami']"
d2418b7399cf90f181edf6f1fa73ca71.json,"['SPR', 'Linux']"
558f87eaae59470101c03fb61b3ab04e.json,"['Worm', 'Ramen']"
d4f46c7b8e9c4741490d07453863a6a5.json,[]
6fd568a0c1521456d22066f6ad91212c.json,"['Exploit', 'Smb']"
4c6f4c527b6a98e56ac372ae13491ba4.json,"['Exploit', 'Small']"
37bffb5a4468fe415c28b7010270b883.json,"['Backdoor', 'Blackhole']"
e34eff385b651778641d1c18bba17eb2.json,"['Backdoor', 'Zorg']"
522030ae5f9c6a71501b394696dabbc7.json,"['Worm', 'Mare']"
6ce9a0a381393b1f1ddbbf5cf26a6a37.json,"['Virus', 'RST']"
b75f1654e48092c1f8d40bdd2124d00b.json,"['Worm', 'Millen']"
c180eef3a4b87d47da4560056eed3c02.json,"['Exploit', 'ProcSuid']"
2cf322e0c06619a33cf9c6ab3ae8990c.json,"['Trojan', 'Microforce']"
a1931a396d9a7ffbcd0c7612627073ba.json,"['VirTool', 'Agent']"
2cf0b133078a54326d52cfe8d500566e.json,"['Virus', 'Rcrgood']"
98596eaad65b9f748fca2dcf48a9b3ef.json,"['VirTool', 'Agent']"
b50b48995cd61cd7f1a92b12e6ed3cae.json,"['Virus', 'Telf']"
dd68d8cb71e039c3d3181c568c1d356a.json,"['Trojan', 'Streamdoor']"
197f0ab0c49d2b377c6e411748ce9299.json,"['Worm', 'Lion']"
18ff5da78dad4e6d142ec981f4ec125c.json,"['Virus', 'OSF']"
bfe8040c3725cc438cf98e74b290d314.json,"['VirTool', 'Matrics']"
a77b1a4b4b203d4c0fda9ee9439e981a.json,['Spoofer']
7833630a3f4cf4337d3ee263b887ce83.json,"['Exploit', 'Lotoor']"
ab881847af7b799940e90dad13d66965.json,"['Trojan', 'Bumat!rts']"
1957a49a64fdb33ac7cd2cc79eb7ead8.json,"['Virus', 'Telf']"
ac0b4a5d3ea38d0d5cb458c0d119d100.json,"['Exploit', 'Race']"
2e726d17b065cba1d59453d9f824ad8a.json,"['Trojan', 'Rootkit']"
aec032f9326d9bf3633e869b3d7d7921.json,"['Exploit', 'Vmsplice']"
7b17b9cfb3b92321d55a6d75ec408919.json,"['Virus', 'RST']"
fc83a40d6e052a5bcb290aef969dc8d4.json,[]
a2cb325afc434d1199d87ed6ca0325e1.json,"['Worm', 'Ramen']"
d5efe5a195c1f003fc68e613b3a79346.json,"['Trojan', 'Nestea']"
a4c6350f7153768027ce3d0a67452872.json,"['Virus', 'OSF']"
beb297d10410351c3de482011ad29930.json,"['Trojan', 'Lodap!rts']"
d03ef9c246fb4c0d732ac68c2866669a.json,"['VirTool', 'Agent']"
31b18d0926308c003deab4c260389c6f.json,"['HackTool', 'Sshbru']"
a9ad619fa1be434779c057ad761f9c45.json,"['Exploit', 'Exploit']"
1846e746acbca03e1aa7a66a1aeac34f.json,"['Exploit', 'Wuftpd']"
bd4ca9ea8269face1f68ddfb6b2f6d78.json,"['Virus', 'Rcrgood']"
18a5e2461e30706d8341ccc1e3401bd6.json,['Mandagore']
15289c37c2a832fe3f5988260ccaa3e7.json,"['Trojan', 'Tsunami']"
14a3279d178006ca85f790a0e0cdf84f.json,['Telf']
22d05048b1899955aa4183fa8e8dcac8.json,"['Virus', 'RST']"
2d9a85468ea8cb6bb5fba3bf125ff0b4.json,"['Virus', 'RST']"
3de91b0a078d817de30e3c70b0c91de2.json,"['HackTool', 'HackTool']"
0fa81861288c4e426c90ea65d175de3d.json,"['Exploit', 'Vmsplice']"
9a589c50a7ed69f04270735d21eacce1.json,"['Virus', 'RST']"
40589af341864bb7aca7363d9aaf3453.json,"['Exploit', 'Small']"
e7182814dd81de140e5a9057a439a20d.json,"['Trojan', 'Rootkit']"
240ed8ba36e1e08ff16a51cdd69580f6.json,"['Trojan', 'Caem']"
558f154677598ea3ecd074b85d8eb264.json,"['Exploit', 'Exploit']"
c5c19dde7ae8def8dcc1427f4884a1c0.json,"['Virus', 'RST']"
b732db4c87bca1f391fe72e49c2c4078.json,"['Rootkit', 'Agent']"
2fd5bb356a318eedeae07f5b52d13f89.json,"['Exploit', 'Exploit']"
796d314d6caa695c907eddef2aa16fd9.json,"['Trojan', 'Rootkit']"
98bf3bd30914773e50060a7f56eda4f4.json,"['VirTool', 'Agent']"
02ee0e4019e18fe3018180565aa822cc.json,"['Trojan', 'Kokain']"
aab7fc39339d06bd3be7b75601dcaa97.json,"['Virus', 'OSF']"
35ad8f5e188d8c4bf093900ab655aefe.json,"['Trojan', 'Orsam!rts']"
e7bc30e118b776f29541af936061f7de.json,"['Exploit', 'Exploit']"
3753984cd9301f52c3b01eaf8df8d7b8.json,"['DoS', 'Kod']"
8f72452dbc395a938cfeb266d91a0973.json,"['Trojan', 'Flooder']"
af84256c2479b16f8a7e96093f32c7af.json,"['HackTool', 'Xhide']"
5b84eff54ffda608364fce85b10c3b14.json,"['Trojan', 'Sysniff']"
f0c601b4dcbffb93a959f374f6379a1e.json,"['Virus', 'RST']"
6f4b6277f9ec69bcffe9977e3692f830.json,"['DoS', 'Teardrop']"
b942de4a0e8e36fc45c8088173d0a07a.json,['Flooder']
9349145934b2ab1415b8850b7cd938df.json,"['Exploit', 'Exploit']"
3a318a5871d56a5aec6c5dabcfa2d381.json,"['Virus', 'OSF']"
afea5c8b4b9de4fb8784b3dc4f599485.json,"['Exploit', 'Exploit']"
bb724d65a054068fdd8afcb2bd30b634.json,"['Trojan', 'Rootkit']"
af39441e749105a9d38709015342c6de.json,"['Backdoor', 'Small']"
f833fba108e463418c27b7d793cfba71.json,"['Trojan', 'Bumat!rts']"
e259ed76c18c4bbf53ab88786ef66629.json,"['Backdoor', 'Trinity']"
2c45f0f3dc02d8772f875cc5184459ec.json,"['Virus', 'RST']"
380c133cc1480869a61e1b0200980166.json,"['Virus', 'RST']"
1ffd5e19f1f667feb5d1e8379df49a4b.json,"['Exploit', 'RpcDcom']"
97222f48d2f8f1396dabf4399bbab1b3.json,"['Virus', 'RST']"
bc5c7000c52c361837b8b195c1be7a2d.json,"['Trojan', 'Torn']"
3a72c020be985611aa5066f0c776c5f4.json,"['Trojan', 'Orsam!rts']"
689a49c6fc95d8568d84f286802bc6f3.json,"['VirTool', 'Agent']"
1292a19b9ad09c685d14525566693aba.json,"['Exploit', 'DCOM_Exploit']"
6c7e723318d48396aa93d5a7d012c0a6.json,"['Rootkit', 'Rootkit']"
67e3eff71520050dac398858f496510f.json,"['Trojan', 'Linux']"
ea452801d58d7cc7fe885842ea487472.json,"['Virus', 'OSF']"
9bbb0fb0460a79dc10b295c795cf8ed1.json,"['Virus', 'RST']"
8db0e3db0e4f9bb075a3a0787a5ab536.json,[]
1678eb0817a0775fdadd24119e28d810.json,"['VirTool', 'Agent']"
4367ba1efe5ee1a69f0f849f34badd3b.json,"['Worm', 'Mare']"
2743803282f9c1fac93ee6cc3ec6f740.json,"['Virus', 'OSF']"
e97668229173e5e7b591fecde8f28772.json,"['Exploit', 'Sorso']"
458bfb57bea37b400f135459068f8e82.json,"['HackTool', 'HackTool']"
f9c22d749574d47284e553079a539e85.json,"['Virus', 'Bi']"
2a490ae94f5093039d5b3c510645ef19.json,"['Virus', 'RST']"
8a8b30521666c0daa725261fcebb2207.json,"['DoS', 'Blitz']"
91fb7eb9176199f1dce6cc700caa7b39.json,"['Worm', 'Corn']"
ad6c61f0067ad6a55d6a8dff8e6865b4.json,"['Exploit', 'Exploit']"
dca8993de0007443c8d59c6b4aa1f3a6.json,"['Trojan', 'Agent']"
c407dfb36d66f15a951240c376ef2681.json,"['Virus', 'OSF']"
bfeb60062eebefca8952c2f86b92bd69.json,"['Backdoor', 'IRCbot']"
b2cc8e0741d07be0d34b4ea5cdd00f31.json,"['Backdoor', 'Small']"
ef40d7d9dc0b341f2303b81f12d5f749.json,"['Trojan', 'WrapLogin']"
b2d43174d4b160c6608aadcaf622e969.json,"['Virus', 'OSF']"
bc9650504ddd76a85db408f01c9136e0.json,"['Backdoor', 'Small']"
bb9d07b19e172dd233e60cd9b1bff9c0.json,"['Trojan', 'Synk']"
ee6475311e62ce5c6a185c04d9ca9f8b.json,"['Exploit', 'CVE-2011-1823']"
202a51b16ac8d1b4dc75de89e7344ed4.json,"['Trojan', 'Rootkit']"
e0355dbf83e9bb67a47e69d7b79c1277.json,"['HackTool', 'ZergRush']"
6d96c1b02d2e3face45996e2009fd6c7.json,"['Exploit', 'MS05039']"
1a39b759416597743a7357634cb29743.json,"['Trojan', 'Agent']"
3baecb38b24ebac62f69b33f99271a2b.json,[]
8acd326d33f3058e81dbbb7949d8c18f.json,"['Backdoor', 'Rohack']"
d3dbc1356967d6b1466edb45a9d05376.json,"['Virus', 'OSF']"
e6a87c2c363d6fc1aac52cca6d3f1492.json,"['Trojan', 'Rootkit']"
322bac0b50d11345c51b6bb5181e4fc2.json,"['Virus', 'Osf']"
15d39ad3e17e07e768778dc52710c23c.json,"['Backdoor', 'Tsunami']"
dbe92764a477214361bb6764adb37a02.json,"['Virus', 'RST']"
405aa569cb7e2b7dcdd0d9daae1c5a2c.json,"['Trojan', 'Bumat!rts']"
6bf578326b6df5c74a0933802dd8e8f8.json,"['Rootkit', 'Rootkit']"
84c11795af365c5a9006dda0699b4446.json,"['Trojan', 'Orsam!rts']"
c8ee5319d3f64eef3811cd321a5a08ba.json,"['Virus', 'RST']"
392e7b663386c6af9f78786974936b3d.json,"['Trojan', 'Rogue']"
65632e76f27c6e551a82d7cc5fb49da5.json,"['Exploit', 'Local']"
ea87cfdcd481a75f8a6f16f676d60a83.json,[]
4cd09c6fa5a0259a2188fc00d0e31ed1.json,"['Worm', 'Lion']"
0670b992deb3752e811e1a046119908b.json,"['Rootkit', 'Agent']"
b3b5760468f1da6f6b2d5863968466db.json,[]
5024e7f92608238de7fd32da68a7e926.json,"['Exploit', 'Exploit']"
fe7effc7ea7361e291d935ba93beeb05.json,"['HackTool', 'Vcmer']"
1554ee4806b236aac5aee4f7d434eb76.json,"['Backdoor', 'Small']"
6af85682ae8dabfc841552cbd3362e68.json,"['Virus', 'OSF']"
c6cb9fe3eaae673c880cf2b8461368f7.json,"['Virus', 'RST']"
d27a4176f8f4b860e7a4715f7c59b544.json,"['Virus', 'Grip!gen0']"
10a30a9caacc2a2140d5e7615a476c8f.json,"['Exploit', 'Exploit']"
572f2d1aecd2fdd18fc7471c7a92901b.json,"['Worm', 'Lion']"
ca088aea135ccec092cfe160fb2a89b8.json,"['Trojan', 'Rootkit']"
8cbf8b9cc0201fd569b6ffc6f71bc768.json,['RST']
7398dba9645dee91723f04aeea7fe436.json,"['Virus', 'OSF']"
cf188b3b5a8ac132de174b4ecf563e08.json,"['Worm', 'Lion']"
4691a25604b311a3072996da33866009.json,"['Exploit', 'Local']"
ad96318c745e60dea3e84f6200d546ce.json,"['Trojan', 'Rootkit']"
bd623ce9bdcb457cf87deae1faf47f1e.json,"['Virus', 'OSF']"
76f2a3831961bb97b254b7cbd413263f.json,"['Virus', 'Grip!gen0']"
a9c8a6e6efcb973610446500eef6ed30.json,"['Trojan', 'Midav']"
c9621727550c23d3e3f33a6987fcd6e0.json,"['Trojan', 'Flooder']"
29047062c08c907ca943bf2553b41101.json,"['Trojan', 'Bumat!rts']"
5eb5c10942a97afc03807fb132d16a6b.json,"['Virus', 'Swat']"
34595b5525b4088c27d4f5502679e33c.json,"['Virus', 'RST']"
35d9e3b03a4d0dd0bf071f696b16f5b1.json,['Hoax']
7e15085f7943c59c5f0da56284d1f350.json,"['Virus', 'Grip!gen0']"
4c80ab75776e8d98767f2ee6ee8a7c18.json,"['EXP', 'Linux']"
744bcc21a3c6f08c66def91340b7cf1f.json,"['Virus', 'RST']"
c4c1ddc1cefc822acab87fc8fcb6bc1f.json,"['Virus', 'OSF']"
88497f9de96409b5df325e88a896884f.json,[]
67d29e8929df52dcf1755236a49abacb.json,"['Virus', 'Radix']"
fe0cef0556a142aee62618f99bff1c2c.json,"['Virus', 'RST']"
dc7b9585c47ab44830dc84a11e0272fe.json,"['Trojan', 'Meche']"
d496a753ae790bef2ddb9b2ba9ec950c.json,"['Worm', 'Hijack']"
daf646f5dce60b642bd8efaa6e8b31dd.json,"['Trojan', 'Flooder']"
009b3cc8dc9d3d16dc4c363bb573089d.json,"['Virus', 'RST']"
a58bed3b32df06ae02cfe47fe8214c7f.json,"['Virus', 'RST']"
b76425c43aa683b2c12a546df7f8ee46.json,"['Trojan', 'Rootkit']"
d0a331acda721f4465e76344ff85e183.json,"['Backdoor', 'Tsunami']"
c07fd7dc2464717514ce977ca0f4c0ce.json,"['Exploit', 'Getsu']"
ec38320dedd3b747eb5dc0c6ccc5df93.json,"['HackTool', 'CleanLog']"
7283d58fe7fe620451b24b4337c31bf8.json,"['Virus', 'RST']"
b5ddf33d16f01254b483267f00665f74.json,"['Virus', 'OSF']"
6a9a99f03b9ba0b59084e56d1adf2ab3.json,"['Backdoor', 'Small']"
affadd162dd299deb1e814ae4a85de12.json,"['Virus', 'Telf']"
39e35ee62e88b73eecc779d0dc311793.json,"['Exploit', 'Mtftpd']"
051d2668d447fb7f9d49feb2f5c3b274.json,"['Exploit', 'OpenSSL']"
7bbd173534d95e2ec011e5bf1fa0e6c7.json,"['Trojan', 'Bumat!rts']"
8f22ab61faa17cdf2f70e1ea05c31073.json,"['Virus', 'RST']"
a4e9e818920a3275607f6e27bb0962c4.json,"['Exploit', 'OpenSSL']"
9f1dca81b5cc4be6db3d1d5e35e1a389.json,"['Virus', 'OSF']"
feb59c32817a5beedf7798ed431c435c.json,"['Backdoor', 'Small']"
daf805fa8390ce658f65ecd5dd6ed13b.json,"['Trojan', 'Rootkit']"
a01f65e558152ea2eabdf11e6cd874b3.json,"['Virus', 'OSF']"
ea0a4bafec4aad026b6549a83ef701de.json,[]
880adef33406be7654b2d2fbc91d4799.json,"['Exploit', 'Exploit']"
bc3c6f56c85ecd1a7b8bbded84f7e6cd.json,"['Exploit', 'Exploit']"
8981299e2ea6fbbb350033cfd89edae3.json,[]
ae40cd82672ecae84690ef8cec08fec2.json,"['Virus', 'Amalthea']"
b2741c40b93d12cd381bc7c799f56122.json,"['Trojan', 'Rootkit']"
4861a892853cef8c506710f076d63f5b.json,"['VirTool', 'Matrics']"
44fbeba6c4e08780bcd8faa674cbd5ff.json,['Hydra']
50162f1daf4a60379b28e1bd51f89e91.json,"['Virus', 'RST']"
cb56cba7005e445abde5f0d09d4f5f72.json,"['Trojan', 'Small']"
854f7568eb559c8901c24d78849a8d19.json,"['Trojan', 'Spy']"
90c643c842717c7f1ead5854c8922231.json,"['Exploit', 'ProcSuid']"
633235069680b06ae0995f36b8732a06.json,"['Trojan', 'Hacktop']"
354c6281ee708e6a50a9aaec3c726af7.json,"['Rootkit', 'Agent']"
c31c74bacb9b30cfa6e2cbba3fc9fcf7.json,"['Exploit', 'Local']"
898dde6afb3142e607528359b0935e9e.json,"['Exploit', 'Exploit']"
5c01c67f1bdc797baff2cb607965b910.json,"['Exploit', 'Local']"
5a8125578cf0b43ff4ddb7b418084436.json,"['Virus', 'RST']"
3d36ae70e17854b6bc8de710293f63b0.json,['SSHDoor']
8622ed24a32c124d9aa86ef18cb8f15c.json,[]
33e4a38ca381bdb43e41e8ccf4c468f3.json,"['Exploit', 'IIS-Attacker']"
e5c6e35bc42e9a0bc5f1ce99b8a70957.json,"['Worm', 'Corn']"
515e4b4b08dd8d4488516c9efdba9a8a.json,['Flooder']
68cfaddec05fe50065f08009eda7949b.json,"['Exploit', 'Slapper']"
3e3ce7f78dd5b49975cee44fe369a175.json,"['Trojan', 'Nestea']"
288fae96222bafd1cb34ac5913fb0e1f.json,"['Virus', 'Gildo']"
248adf74f3d28145da593af88f49ad4e.json,"['Worm', 'Mare']"
5ce336c65460ccddced06bd05a50a88d.json,"['Virus', 'OSF']"
60c1f8f2167fa108993cfa573f29d874.json,"['VirTool', 'Matrics']"
44e70b661cbcb2f670054de720ee8128.json,"['Exploit', 'Local']"
21d6b7616db0c5b2f66e4b2dcf848e57.json,"['Trojan', 'Small']"
620a3d5ebc0c44ad4fece9dab40a8258.json,"['Exploit', 'Exploit']"
4a6e251a2525323498ed6695caa7b3b8.json,"['Exploit', 'Exploit']"
21225625e813a88c2376812949e91bd4.json,"['Exploit', 'Vmsplice']"
fb59d42ebf94175f686e20af80f49a8a.json,"['Worm', 'Lion']"
5e9dd320d3c7fd6fbec3a81a85788002.json,"['Virus', 'RST']"
e0da692f31ce0c5915c648a30cd44fbb.json,"['Virus', 'OSF']"
ded0eb3a27595e2268b35f6f311dd6b0.json,"['Exploit', 'Exploit']"
99f22aeb2e2f2086fa67f939c0b164db.json,"['LINUX', 'LionWorm']"
fca829beed755292426b57e927b7253c.json,"['Virus', 'OSF']"
607738633387702c651049845c14a847.json,"['Exploit', 'Madvise']"
75f0250432ec945dba2b22ab0b81b5cb.json,['Flooder']
fea1cd6c83c805afe021697d854e3217.json,"['Virus', 'OSF']"
852238441cf9ceda391c67d4cfb4a66f.json,"['VirTool', 'Matrics']"
5d9eabf9202c633710e73309289bd2ef.json,"['Backdoor', 'Small']"
adc7823092f0d400c1d989df7e87c16c.json,"['Virus', 'OSF']"
a803cad051204a8280684f5736e3b836.json,"['Exploit', 'Exploit']"
64825ccc37e75d1771d16fec63edf60f.json,"['Trojan', 'Flushot']"
83f161ae3746cf7b63a8dcb60c659cec.json,"['Exploit', 'Foda']"
8b9c360a98f4e24b0c672c6357f6e90d.json,"['Exploit', 'Exploit']"
a2a7d2e73a4eea11d4b72e75c728e3a7.json,"['Virus', 'Nuxbee']"
341f2ca1be7665ea3625f7737b6f3275.json,"['Trojan', 'Agent']"
1a7f4c8647c00196319ae8c6f792ff0c.json,"['Trojan', 'Small']"
133f81ed601fc9d00d8605c8119fc8f2.json,"['Worm', 'Corn']"
2f59554862cc1227435a84e1155dea44.json,"['Exploit', 'Small']"
88d19bb1a1733b7d24aa9435124681e8.json,"['Virus', 'RST']"
1a1ff03f3cd3baa4440970f72c001e1d.json,"['Virus', 'Telf']"
471590db69346450d7f4b731ac632637.json,"['LINUX', 'Agent']"
922a69af3194be713cea94452d940cb4.json,"['Virus', 'RST']"
16baf31f280108dea2116ae0c528736d.json,"['Exploit', 'Local']"
bc225973449a56145ac5e024e2f08ab8.json,[]
3e817f86442711f31e97bc4f3582f9ba.json,"['Worm', 'Lion']"
2ba1842fa6df43ef4e903c7683b51d36.json,"['Virus', 'Lindose_2132']"
faf90506743a581b029d054c1fbaeb1d.json,"['BDS', 'Agent']"
a51b27a791af365b74bf5e56ceaffe0e.json,"['Virus', 'Piltot']"
e414088f88b329c99aac2ebdfa5aad23.json,"['Exploit', 'SSHD22']"
bde9f17fa0eb45f6caa907156198b15d.json,"['Exploit', 'ProcSuid']"
013acf2ce0515dc1d297d9ab764be847.json,"['Net-Worm', 'Lion']"
9fd5b0ee54299027d97c9446a71753fb.json,"['Worm', 'Chater']"
8a027341f98a1c106eb16d89c549b10a.json,"['Virus', 'Silvio']"
0f2702a3887a677d0f6aaf6832055c05.json,[]
3fd6ac981d2c4258c55d4468432c1a91.json,"['Trojan', 'Rootkit']"
eae2d8c362bf0866a0fda0bb8b3f2014.json,"['DoS', 'Melt']"
a213ebd69fbc11d612d0374b373f65d8.json,"['HackTool', 'Sshscan']"
ab9398fb7b5f84440c24cd0ef53839cf.json,"['Virus', 'Thou']"
6c5cde8ec63590d8c8d14527f573746e.json,"['Exploit', 'MS04011']"
c370680cb52789eadc4fe3ac9581c7b3.json,"['Backdoor', 'Battlec']"
53fc8c03b327952fbe891d4f02a036b8.json,"['VirTool', 'Agent']"
f056c912580c2382e8f2ba8276c99a3b.json,"['Virus', 'RST']"
b64fd06afefa308a0fd8e933b8c0e992.json,"['Exploit', 'ShellCode']"
2ad68e74f63aa8ee22bbac91619b8177.json,[]
3863eecaee7241ca22df56422961f858.json,[]
5e4bd2ced4adef727e062e690e95d94f.json,"['Exploit', 'Vmsplice']"
3a91bcd2a5c9fac604a65c17bd83a4ea.json,"['DoS', 'Melt']"
a29638b1654b8afb50ddffbced7947b7.json,"['Virus', 'RST']"
6ca39820b1b6ee0fa4ad722413972a50.json,"['Exploit', 'Mulexp']"
f6c73f3aaff81872044dbdd5101f69fb.json,"['Virus', 'Telf']"
4f7b76693d9e591d48400ed6fff67f0d.json,"['Virus', 'RST']"
3f556afb1104b4113289b34163eb9361.json,[]
c0d8a00b54a3fcd396c5a421f792ac1b.json,"['Exploit', 'Local']"
56b863dcfacadf6d66d859e2ee59517e.json,[]
accfdd1bdadbfecd48c5517ddcb14a5b.json,"['Trojan', 'Small']"
09c74fd820ea003ce29482da9922aa19.json,['RST']
1056c6d25a6a93458535a4ee23e7e4a3.json,"['Worm', 'Adore']"
68addbbd327af0ec430a6ba09a1771a7.json,"['Virus', 'RST']"
bad2ddfff722a701bb327edeb05fe9b8.json,"['HackTool', 'Xicmpfl']"
8691e520877e16b388b021f17911b88e.json,"['Virus', 'RST']"
be242a5bbf29ffe7267bee68229a20f1.json,['RST']
d09d42e0425a988f8b4a77c990e02ab2.json,"['Exploit', 'Icb']"
2fc7e37a288e52b727b717878ee871cb.json,"['HackTool', 'HackTool']"
605b50664829c34a229220620ffad9ce.json,"['Trojan', 'Kokain']"
f2f600903a9b9d089f2b767d49c6e102.json,[]
01c9f9c35fa06e31662b9a607d8796c8.json,['Osf']
e5ff81be077616e4e64d9d41b28f2262.json,"['DoS', 'Melt']"
09be0a8c784d544b89ea353a9a7814f2.json,"['Virus', 'RST']"
30f58187f968fd45302b419d8e909a3e.json,"['Exploit', 'Small']"
3caecec277d533c1d9adb466cd5e6598.json,"['Worm', 'Lion']"
7de15e57ac55f35e2b1ffdaaf7788e07.json,"['Trojan', 'SGeneric{S:AD}']"
8cdaa7191a08d0f464ceba5c6c672275.json,"['Trojan', 'Trafog!rts']"
433eeaa8cb9aba5735dc767f64c613d6.json,"['Virus', 'OSF']"
0f3e85d38b1bb6f66fc9075f48c9b7ca.json,['Small']
0a477a043a8b3deba999bbbfa1c32f47.json,"['Virus', 'OSF']"
ddd384070a79ea295f35c233c6c6ef4f.json,"['Virus', 'RST']"
6cdee514ffec725bbf007b145cdc745a.json,"['HackTool', 'HackTool']"
0f06c6f3fbf57e7d904397cc6b028274.json,"['Exploit', 'Exploit']"
ecce7d77eab556313c6685c56ae4aba4.json,"['Trojan', 'Rst']"
6c704a11b02d5bae6cb5e7da051d90e9.json,"['Trojan', 'Masan']"
06da4fa8f2704596747c9740bc2b441d.json,"['Rootkit', 'Rootkit']"
c04eb778f09f789ae0f212728e1712ac.json,"['VirTool', 'Matrics']"
5c4e94d8cfdf6fe173e73923bd855595.json,"['Virus', 'Grip!gen0']"
9cd2b96fe3d58219ba52d88c124ec8bb.json,"['Trojan', 'Rootkit']"
25ed3e6ee6cd296de99c1c8b66c6c29f.json,"['Virus', 'OSF']"
93f7b27dc390c9500627bb48870c60ed.json,"['Virus', 'OSF']"
96dbb39a1a2322910595e892815ea675.json,"['Worm', 'Adore']"
827a7ca2487028be538582ea66fc0644.json,"['Exploit', 'Exploit']"
e035d5b3f141511f1d846b9ea1eca1ed.json,"['LINUX', 'DC']"
998d4a1c2115ac62596fa16d262d2789.json,"['Exploit', 'Nhttpd']"
a9bd47503d77da572fa23b6cf61d3e1d.json,"['Exploit', 'Kmod']"
9b4faf599cfb53924acbe8dec86a5a40.json,"['DoS', 'TFN']"
a888578b0cf96b7117baa421ff12ae17.json,"['VirTool', 'Agent']"
1691fdef9cdc0e7a5c9757be1536e5bd.json,"['Backdoor', 'Sckit']"
760135c53c9f18d92fb31b48db31656e.json,"['Trojan', 'Rootkit']"
1c1e137cd7bb16808e4fa58a9bf1006c.json,"['Exploit', 'Small']"
00381f84c8ca598b1fe3a69dca816586.json,"['Virus', 'OSF']"
984fde8dc26cd75d49f1471e531bc3fe.json,"['Virus', 'RST']"
602226ef3909106fc4095ece479cf475.json,"['Exploit', 'Local']"
63a1aee00988160a2024f492fa29e8e7.json,"['Exploit', 'Foda']"
6246efd572200a8ac0664f6ac6a2b3e0.json,"['Virus', 'OSF']"
fcbe17345126f69e890ce8581f0bd19a.json,"['Worm', 'Adore']"
80ab02341a0fea1053700d9ee229d39b.json,"['Virus', 'RST']"
5dd6abc1c81b3169993e60798f33cc98.json,"['Exploit', 'Lotoor']"
ed85d9d169731a81402270a8782cee41.json,"['Exploit', 'ProcSuid']"
cf7271aa8f0d0a157ee769cf8d49425c.json,"['Trojan', 'Orsam!rts']"
34a9f72956a552606167844b5976e5fd.json,"['Exploit', 'Race']"
6c102be00c02d8c9ae2c0491cd55660c.json,"['Backdoor', 'Tsunami']"
1e94d6593bec08d8ef4d051d7271385c.json,"['RKIT', 'Linux']"
6c9ecd791f978c520c3fcdcc88480388.json,"['Exploit', 'Exploit']"
e55ccb642481597c91e91133f787bcc8.json,"['Trojan', 'Rootkit']"
4f242a222fab74567cae8b3b55981dfd.json,"['Exploit', 'Local']"
8236ee9d7ebd957021c495e7b19ec756.json,"['Trojan', 'Small']"
91e11eb80651ea2fca424abae67f4f0c.json,"['Trojan', 'Bumat!rts']"
ebfb0723bbe8a9294b8a10835738c9f5.json,"['Trojan', 'Rkit']"
455dba31670b8013fc17d6869944f1c2.json,"['VirTool', 'Agent']"
0e4cca1b162c3a9035214058f93a97b4.json,"['Backdoor', 'Tsunami']"
539a5d127d978c6ab4b8b1da06d46df0.json,"['Trojan', 'Nuke']"
e665c62802e5834e8159c19976f0696a.json,"['Backdoor', 'Homador']"
255bbf377eacca01b3c0ff69ff52e259.json,"['Exploit', 'Drakat']"
8a95eda409be36c3f0d5dab96eb9792c.json,['Scalper']
af91691abd614bcbb019502b86f6dfb2.json,"['Exploit', 'Exploit']"
bd2763d34487fe4b744022131a92e15f.json,"['Virus', 'Telf']"
3aefd3f9489aa787656d0663c45cd7ac.json,"['Worm', 'Ramen']"
5ec25d7351aae5787bd8e0e8b1eda577.json,"['Virus', 'OSF']"
d8a08186250b15012929947ff4c41f4b.json,"['Exploit', 'RPHP3']"
bfce2ae9e6b31c4eb478ed847f1e092f.json,"['Virus', 'RST']"
b224fa2c8e9e5a4bccbf9e4fdf15bc2c.json,"['Virus', 'RST']"
75f257bc76acf904e93ecde06c7f440e.json,"['VirTool', 'Agent']"
f0204eee50b7119e0aba459534e9d7d8.json,"['Exploit', 'Local']"
86fc2f4f068af6cf7ec1ea7bd759ed36.json,"['Backdoor', 'Small']"
d2b2a2dd3ec7dfa4bc515e8393f722a5.json,"['Virus', 'RST']"
d44a9d42eb1497688aaefeac1261b24f.json,"['Exploit', 'Land']"
cf4fa6dbe9c542c441db775655a92f9d.json,"['Virus', 'Grip!gen0']"
98b8b9f9fc9d38e1d17c749cfa6e18bf.json,"['Trojan', 'Linux']"
eedbdf156eeef463c453c92d924093f2.json,"['Trojan', 'Bumat!rts']"
0441dd25bb3b5914f09d1d44063f5389.json,"['Virus', 'RST']"
f44a3d43b6174ef391dcc4e6b2e01491.json,"['Exploit', 'Sorso']"
023c5d646b65b2127fa24b5b416e8317.json,"['Rootkit', 'Agent']"
c519ec0a47ead59da0c106bdceeb7ea1.json,"['SPR', 'Linux']"
f3c8e29bdc0edfb06710ecc07b78faea.json,"['Exploit', 'Local']"
fef94c5c33606142f26e0aabd91e2485.json,"['Trojan', 'Rootkit']"
2c4da33320d218b9c3cdc64906635e38.json,"['Trojan', 'Orsam!rts']"
21e7cbb2483f570407c6801cfc825233.json,"['Virus', 'RST']"
1d8bec6defaca75d2cb674365f19256e.json,"['Virus', 'RST']"
22009a6b686a672bfe9bdaccc99e81b1.json,"['Exploit', 'Da2']"
30b12e6d52b52992fd3400bff21a8442.json,"['Exploit', 'Exploit']"
c7693093f74153b53862e1ca76c2443e.json,"['Trojan', 'Microforce']"
12ebd98e59fb1fb90310563ad6aa6cc2.json,"['Trojan', 'Flooder']"
c9746747337c64c42c0e44f4b7f11c2c.json,"['Virus', 'Grip!gen0']"
34eddb40a70276978c80b7704bd96c18.json,"['Exploit', 'Named']"
ca1aeb6d9926da95284fe25ecb1cc170.json,"['Virus', 'RST']"
58f5a1af56d231cfdf189f90c0ce8131.json,"['Virus', 'Grip!gen0']"
6c6e9486d138b70d821ac7e9fef96a5f.json,"['Trojan', 'Rootkit']"
f7651bdde7b40d96d5e96a544f948a47.json,"['Trojan', 'Sorso']"
9b9aa8c50121fc3791802885b89259d2.json,"['Exploit', 'Exploit']"
fb185aab857f3bf8f77d1635c0d9a35d.json,"['Virus', 'RST']"
adbc628d81acffefefb2e0a67f02953c.json,"['Virus', 'RST']"
e59d7d6870c60f55279cd7447fd0ec59.json,"['Rootkit', 'Rootkit']"
61cca021ed1a368f546ea20631fde877.json,"['Virus', 'OSF']"
4e45ce616cf302faae24436a70c065ee.json,"['Worm', 'Lion']"
e4b4d549dc1022e3214ecae396012ca8.json,"['HackTool', 'Xmailer']"
8a65a92851e46d44eb473e04002a911d.json,"['VirTool', 'Agent']"
8a14d3b625debcffec09990ce14bd31f.json,"['Rootkit', 'Agent']"
24fb1c8ffe0596aff4f81299f6281c01.json,"['Backdoor', 'Rpctime']"
7c978ea57dc3742dc9463ea5321f2fbe.json,"['Trojan', 'DDoS']"
4cc80fa08229e05660d1c618375beaf9.json,"['Virus', 'Grip!gen0']"
b1aa23ec5e95226728275f0e6b609e09.json,"['LINUX', 'Agent']"
9229ffbea49d8044e7391fcfae627165.json,"['Worm', 'Mare']"
2b9ffbbaaeb9998ddd96affe617042a5.json,"['Virus', 'OSF']"
4d391b5d302ddd734a94d062fad5b43d.json,"['HackTool', 'Quacker']"
72221729d7a70386a4c3622e42aed579.json,"['Virus', 'OSF']"
c526b9ef18c04960801cfed0e9a9c84c.json,"['Virus', 'OSF']"
d4e389e8043daf4773c1b041b07a11c9.json,"['Exploit', 'Local']"
0bd00f87c46e48a720a752d0ae6c0e39.json,"['Exploit', 'Vmsplice']"
7139ce345ffdacfc92d0cc70e8830320.json,['RST']
78964370902d4a95b12fe205317a6f09.json,"['Virus', 'OSF']"
a7d5f7f58a57ed3930761e3fd2c8d4c2.json,"['Virus', 'RST']"
638a8cab9e68f79ea795cce3d3558305.json,"['Net-Worm', 'Ramen']"
f0ba059963f96b1a1c9ed42b00d2dfdc.json,"['Virus', 'Grip!gen0']"
25b8edeb1c93bafc98e52537e2b378cb.json,"['Exploit', 'Exploit']"
5285a90b57b68289519dd1d0ace3cd7b.json,"['Virus', 'RST']"
067036414bcaab8b5bcae65b30ffa0ad.json,"['Virus', 'Grip!gen0']"
23a89df75581975959b1826ea5254698.json,"['Rootkit', 'Agent']"
459240b57f6d84ffb2f46e13f51ca3c8.json,"['LINUX', 'Explorexp']"
bb870a81503384fb51301e592c869b7a.json,"['Rootkit', 'Agent']"
451fcfe5fd3cfe868831e7dfcc438213.json,"['Exploit', 'Nhttpd']"
497495835f695750016dc40947a8545e.json,"['Exploit', 'Local']"
889105c660ee3ab20b2abdb9af412a75.json,"['Exploit', 'Exploit']"
6d88224e8f1fb449da2995532224b975.json,['Trojan']
b7f05ac0f96e10d45defc4596a903eee.json,['PSW']
eb82f12e56a9d96b07d521eef1083c3e.json,"['Virus', 'RST']"
0c0037304c1ffa1b012a9db1251974e6.json,"['Rootkit', 'Agent']"
10f5beac257a92665866cdc99550b7bb.json,[]
a1baaedec387c0e7b6403f4f1b97f85d.json,"['Trojan', 'Rootkit']"
311e546d31ea6c4e73f4929a8c0889d6.json,"['TrojanSpy', 'Lklogger']"
46d483362c15d704e4a8dcbf1c014bd2.json,"['Exploit', 'Exploit']"
924db3ca8f59df5538dfef85e1cc7849.json,"['Trojan', 'Rootkit']"
8af0db411daf90592b87c28bb2d6fd72.json,"['Exploit', 'Rpc']"
e555738c937e0418e3612aff985e2e94.json,"['Backdoor', 'Tsunami']"
5385ce434b5ab887f4325020de85f131.json,"['Virus', 'RST']"
cf73d98eeeaf6cb10a8fd47c7b61e602.json,"['Trojan', 'Rootkit']"
0440a5a6db8da7782b2d07ab86a7a645.json,"['Virus', 'RST']"
77d4ffd3cf8c832734385ca4453c7189.json,"['Virus', 'RST']"
318c56df8696b5a79ad99ef8829fd2ea.json,"['Virus', 'OSF']"
ffb437621f3249c647c88350e068fd07.json,"['Trojan', 'Bumat!rfn']"
98ff441f5456f10cc9bf319bf06898f1.json,"['Virus', 'Grip!gen0']"
acba0143d0cbcf8092b8b44d914d7983.json,"['HackTool', 'Pscan']"
6484e6d17a7fca633e147ee2a9c9a7db.json,"['Backdoor', 'Sckit']"
217ece604b4e4a0f766c4ea8aa218519.json,"['Worm', 'Lion']"
e0d2df2b617d9e0ca21d1a722c28884c.json,"['Exploit', 'ProcSuid']"
f2b7ff87e6842ed174b17f4a27ab6c54.json,"['Rootkit', 'Agent']"
c709d792707ab9b9cae870d261d08c00.json,"['Trojan', 'Sysniff']"
1237582ed31e286b429c679e7b4295f7.json,"['Trojan', 'Sshscan']"
0d01bd11d1d3e7676613aacb109de55f.json,"['HackTool', 'Prochider']"
40670232c7699c0a7070d70a8b41cba7.json,[]
2824b31951026b19727a4d5d21e3dd3a.json,"['Virus', 'RST']"
e7daf680272caeda30022de497dc5c03.json,"['Trojan', 'Agent']"
d402d82c693246dd9f13e06523c12fbc.json,"['Trojan', 'Rootkit']"
64a67533b9398df16a6a9e77d9153c38.json,"['Exploit', 'ShellCode']"
d1185ce9fa198baf52830c75a8240ef5.json,"['Exploit', 'Exploit']"
f86f522f3076f495ae211d57c5e9b44a.json,"['Trojan', 'Rootkit']"
528188f60790d2eb2a6237228771f86c.json,"['Virus', 'Telf']"
7a8befbf7cdfb654bf606101b2c7c005.json,"['Virus', 'RST']"
7624d54b0e4b9b78dcc7675e23837972.json,"['Virus', 'Telf']"
9a43039e87eb5b9b3d3d6f651d18596d.json,[]
876a1315e44ec699ab4c2ebd1aff1bde.json,"['Virus', 'OSF']"
54b021afdcc26384c9bb1672745156ef.json,"['HackTool', 'Small']"
aacde2f2643126ae5c5cdeb752120091.json,"['Virus', 'OSF']"
d5dc2c0ca3b55dc6e81298944929e61b.json,"['Exploit', 'Local']"
c2bf3dca32fdcf58d2bd13221fe8505d.json,"['Exploit', 'Exploit']"
b31ae7e6de5da850f91bd4c9c4a47da0.json,"['Trojan', 'Flooder']"
89e91d05c33d5fe6b70220298f15e067.json,"['Exploit', 'Dar']"
fa5e1c68f36d867ee357dce7080b65b4.json,"['Backdoor', 'Tsunami']"
79eb509565c34ae1c8b6c22e8122883e.json,"['Backdoor', 'Tsunami']"
50e10e23b99ebb5796ea61f78b783be6.json,[]
c0923636a31b547d120201d3b7358f40.json,"['Virus', 'RST']"
bb6b5054d529027ef1b9b11b3b387708.json,"['Virus', 'OSF']"
98082d010016b9893e330f6ddf8d94e2.json,"['Exploit', 'Ethereal']"
efa17adcac03b3e7a08e9f2c8396f989.json,"['Virus', 'OSF']"
dcc73c07c074d53b17bbdf4495b9a30e.json,"['Worm', 'Ramen']"
db275d549249de0fa8afb85a340979bd.json,"['Exploit', 'Exploit']"
188da1f9b242868b7ecaa1300d503c67.json,"['Backdoor', 'Meshbot']"
1c41538ccd680edfc0a5e36021fc37e5.json,['Amalthea']
7cfbb01c2fe90945c939d149346e643f.json,"['Exploit', 'Exploit']"
fb97a919ec5b5c6b01f39d1d4d697722.json,"['SPR', 'Linux']"
55d97e6186bce333df5d7bd4db4f359b.json,"['Worm', 'Lupper']"
b3b6ece521011821fb74915d460bc2f6.json,"['Virus', 'OSF']"
1119151d02228e2805a4222c1457c021.json,"['Trojan', 'Rootkit']"
753d5e7af271c12e0803956dd8c2b8e6.json,"['VirTool', 'Agent']"
c67719c85f104f6103c9875160f039f9.json,"['Exploit', 'Exploit']"
a53433ca9b711c8be5c06989606bec5b.json,"['Backdoor', 'Ibiru']"
f5f44fab05bac3fe711c618923ed3ef8.json,"['VirTool', 'Agent']"
d83380ccbac92489dbc94e4333c73e9f.json,"['Exploit', 'Frezer']"
6fc93f66b0810a9f71eb65486ee1218f.json,"['Trojan', 'Rootkit']"
0a07cf554c1a74ad974416f60916b78d.json,"['VirTool', 'Agent']"
b73d63cb440284d5d5f46fc72fbfe8af.json,['Lion']
69be0c0b396a2ed31881613cc7dc8da5.json,"['Worm', 'Ramen']"
8a428a546627db8b826a66ff274e2fd1.json,['FortyTwo']
56efa168b84e863ac8026f97965bd388.json,"['Exploit', 'Vmsplice']"
2621201584a516a42f009e2451afca1f.json,"['Exploit', 'Local']"
c6fe00041789d451534e4de0a7c927e6.json,"['DoS', 'Melt']"
a760b7db1f16d34c9eed5e1e21c7e308.json,"['Virus', 'OSF']"
f3c2af8264fe3eb44e1b098ce09c98a3.json,['Spoofer']
b5c3730f4c373ea6cd9f8e770b332de6.json,"['Virus', 'RST']"
fd40c417fb687341b8673f6de4e34aef.json,"['Backdoor', 'Rooter']"
79e23ea0c485a463d5663b63ba13e079.json,"['Exploit', 'Vmsplice']"
a310c87870eb8750ac89092635bbc8ac.json,"['Virus', 'GCors']"
b544f5cb12fbc8b81c0c668519151c0c.json,"['Virus', 'RST']"
ef7222482dd755b6eadc7e217bfe58df.json,"['Exploit', 'Sendxp']"
710958dcd6794166780c172ddefa7e0a.json,"['Virus', 'RST']"
17e1f3bd405aa011aec711cf6c3cf786.json,"['Rootkit', 'Rootkit']"
85fdb35aa85c6cd36212dcbc655c5b11.json,"['Virus', 'RST']"
ae8cb8d2555f6236f0ccd8e72252fc3d.json,"['Virus', 'RST']"
944445c69f487160083f591d67e902d5.json,['Ramen']
b6d85757aa30db17acbe38dcdf212d9f.json,"['Backdoor', 'RST']"
8ac8ef467ba1edf5e35a3b904f4d0181.json,"['SPR', 'Linux']"
536ccb69f81498d4362f0a900cdbd12f.json,"['HackTool', 'Xhide']"
9d924a94317946d6620b621807758d7c.json,"['Backdoor', 'Neo']"
64023c9c62c39e1474670d83819667f9.json,"['Virus', 'RST']"
a3b5646f130a129edef7273606de8952.json,['Adore']
4617b8bbc814180f8ea74e3f1b605d63.json,"['Virus', 'OSF']"
fdff96271b76129f7a9866c86ad776d7.json,"['Worm', 'Adore']"
50a1cc7e493884075a7ecc3a9fb24e1c.json,"['Virus', 'OSF']"
77d75cb87a9e2820984833d67c58bfe8.json,[]
e0f7dd9ee36403fa40dfdfb0c721084b.json,"['Exploit', 'Proftpd']"
caf6548a66b0b35d24edc62737e87103.json,"['Trojan', 'Rootkit']"
c18666862d4e600c0ebef9cefcb7a45e.json,"['Backdoor', 'Small']"
bf0e6db43b3a1a0ffe921058494313c4.json,['RST']
547eac2c1c7ed902da94ab7fa0359641.json,"['Exploit', 'Local']"
e99b9bf716695cdc826cd3e3b0f1b313.json,['Flooder']
6cbde448e8dcdb36521f275afa5a978d.json,"['DoS', 'Small']"
f913bcf93d9f97f8dcacb49a063aeef9.json,"['Backdoor', 'Small']"
d24e0ecb97b697eb7cbe0d67cca9a7c4.json,"['Virus', 'Telf']"
89fe9371ea1f339c395be410e144cac8.json,"['Virus', 'OSF']"
6f7960f229ac05d61be35ff150a2a11d.json,"['Trojan', 'Rootkit']"
2b0edb55a3463adeee428e1030459ed8.json,"['Exploit', 'RQPOP']"
e80910c7113986d3a5234639fa73c511.json,"['DoS', 'Melt']"
6eced0377ac1f69f950547cd3b21a793.json,"['Virus', 'RST']"
a05f6f3f5c3987f3047695bd6cf44457.json,"['Exploit', 'Local']"
e01249e1607b3c2aca0b31708f956210.json,"['HackTool', 'Small']"
ca07764f878bb1256723b19c32a6deb4.json,"['Virus', 'Grip!gen0']"
a11999d5263a05e9b44e6690268ef4b9.json,[]
e9862df10907182eb0ef9ed4e29d08d3.json,"['Virus', 'RST']"
f7acbc61f8715bdda41989683bc8e8a8.json,"['VirTool', 'Agent']"
c71fc1a7db510b7f40a35edcc1e336a4.json,"['Backdoor', 'Shaggy']"
8435ff65bce782ecd0c36c17606715b5.json,['Nuker']
afa2245c28c2d59d59879c543bfba587.json,"['Exploit', 'Madvise']"
cc60665a6f456a34f1d06827fd3972c0.json,"['Exploit', 'Mtftpd']"
b62f3df6160145643a2f30d635f2476c.json,"['Trojan', 'GMM']"
5b60e60bf9d3bab427a39bb98467d472.json,"['Virus', 'RST']"
e9efe34c9c1d3d00c2471163c53636e8.json,"['Virus', 'OSF']"
0c97de2cefbc3673991a6f3d33922941.json,"['Virus', 'RST']"
dfcdc08f7102dbceda5a77ad4888a356.json,"['Backdoor', 'Small']"
ffc7be26912b5aca63e55dc7c830f28a.json,"['Backdoor', 'Tsunami']"
d5a9d9fcb4bbd9c21025c7a36d78d0a9.json,"['Virus', 'OSF']"
5c1cd5e3e6c0ece53310154cccb1ca9c.json,"['Exploit', 'Small']"
9d4799cb1beba5542b26f1bd47efc55b.json,"['Virus', 'RST']"
46920d5444be2cd9339bacdfb1e23016.json,[]
d941a72058f87c26204aeafc98f44875.json,"['Backdoor', 'Wanuk']"
259a158b8efa27394125f25f9d641cbb.json,"['HackTool', 'HackTool']"
befeff899d9934402a728399f52094cd.json,"['Virus', 'Thou']"
222517fe4799701b5c5601276e6a148d.json,"['VirTool', 'Agent']"
32165a9640dcb773c29475e8306041ae.json,"['Trojan', 'Small']"
c76156aef8707a2071294a8d5b9cd974.json,"['Trojan', 'Tsunami']"
dca0cb3e3710d10082beb909294755eb.json,"['Trojan', 'Rootkit']"
b367a540ef865acea0fb00d41c91f378.json,"['Trojan', 'Small']"
3c642c67b13745cac898eb7ab62f4b51.json,['Bi']
e7ae7003fca48208386339769099075a.json,"['Virus', 'OSF']"
c817949355d70d3e21d4607af0cff696.json,"['Trojan', 'Spoofer']"
705df7bc13a3fc1bbfc79735455fda68.json,"['Exploit', 'Vmsplice']"
8e4016d68e19fbfba0cf1fe39ecbe820.json,"['Exploit', 'ShellCode']"
24075f37b686e462638ff008e261dc39.json,"['Exploit', 'Vmsplice']"
f91528a23165bcf39eeb307d0bb22d9c.json,"['Exploit', 'Madvise']"
48108ebaa0f71c072080c76039d7faaf.json,"['EXP', 'Linux']"
896ffbc923abdd4be5d150e0c3f3c42f.json,[]
e18508358553cf71795a448487653219.json,"['VirTool', 'Agent']"
49cf828bb64a9c7a686ffbd78ae4dd7e.json,"['Backdoor', 'Tsunami']"
a9ae5cfdaebd9303d2456271a6f13bbe.json,['Osf']
ca50a0834ebc14c91573c9c0de460678.json,"['Virus', 'RST']"
740f16e83bca92e21e579d3f596508e2.json,"['Worm', 'Ramen']"
cfe1f7cb1d530b89d0f3b991ca763e55.json,"['Virus', 'OSF']"
b77de0f5d45d35ec225014abeebfa2dd.json,"['Exploit', 'Woffled']"
ded7667e7d32f4fbc5dc0fe8d59b0db0.json,"['Worm', 'Mare']"
a8f8371a0fbf3182e8e0de7e9dacada9.json,"['HackTool', 'Poly']"
2e3ddd5026632d0782cd619063016ca9.json,"['Exploit', 'Less']"
558c06b019e7feb74b8ae93e533001fe.json,"['Virus', 'OSF']"
b3b3ddaaca75af7f3a0a8ef9580921a0.json,"['Trojan', 'Bumat!rts']"
dc88de3fb0b1a52c0706446dc089b7a8.json,"['HackTool', 'HackTool']"
5d377b227a5fc48e83947df737114b08.json,['Getshell']
f474c0fe69cbe2497542b8fd47c4153f.json,['Flooder']
cae9c79aa193c4e96f6f4fe36fa5e9c2.json,['Ramen']
1d099797128048634d3bb60c079bcecd.json,"['Virus', 'RST']"
d7d49a6399b50504c4c51106cdea1a50.json,"['Rootkit', 'Agent']"
a7a68ecc3c06f61d3c99d731c5c75756.json,"['Exploit', 'Exploit']"
b94ab416758569167a54abef295c599b.json,"['Virus', 'RST']"
24af22e755d8aa6d6a44e1077003947e.json,"['HackTool', 'ZergRush']"
a3708a73a1b8ae89a0cd9102a48d3b76.json,"['VirTool', 'Matrics']"
dee79b4fbb57c619320dc200eb2be7f7.json,"['Exploit', 'SysPrctl']"
53adf0603ed4e4c1e9dfa18ac68b1c90.json,"['Worm', 'Lupper']"
782cde2faa71029a95deeb5f1828a90b.json,"['Virus', 'RST']"
6e61daaa2f3e2c0228dc26c5952f0168.json,"['Worm', 'Lion']"
e6e78f8e396e7afd7c3840485871dfd5.json,"['Backdoor', 'Small']"
3346f538d900f9bb24598ff55380820e.json,"['Exploit', 'Exploit']"
e1bc6b6911feba3692579c771cc451e4.json,"['Trojan', 'Bloop']"
a3100823936173c6670ad0e011eaa413.json,"['Trojan', 'Spoofer']"
def200329ac1e885336272ad54693e20.json,"['Trojan', 'Rootkit']"
957f716866dbe7cae1eeafb9e2022439.json,"['Worm', 'Sorso']"
d88ed7342e95c5058acfe2e78713e877.json,[]
a853423c65c6af4d3ec7b14763b0f496.json,"['Virus', 'RST']"
151d5ebc1c9f50025af06dfe0922ec70.json,"['Virus', 'RST']"
22f7e6f14ff0e93879667053d58d58c6.json,"['Trojan', 'Rootkit']"
9cf595f97e59dbaa7cf19a58b02df9d4.json,"['Trojan', 'Orsam!rts']"
9bf22497001dfb7312ef0800715ab639.json,"['Backdoor', 'Tsunami']"
a41f293d0387f888e05388be24efbfaf.json,"['Exploit', 'Exploit']"
e64b887fb87c435377433a4f159fc95f.json,"['Trojan', 'Bonny']"
e50510cc8b83f216c58324272a9368f0.json,"['VirTool', 'Agent']"
e0d633e8c77a817529f8d7844e913bcd.json,"['Virus', 'RST']"
ca3e3aaa770c2c6b008c1fdaab017a3d.json,"['Exploit', 'Lambida']"
88231da436e438c660e031ef1b098d48.json,"['Trojan', 'Orsam!rts']"
8c642df0751ba93035dc212dd7d95329.json,"['Backdoor', 'Small']"
191c71e07068e795c6781c90de6ba4bd.json,[]
f95723e208e1aaf44df26eabbeb95591.json,"['Backdoor', 'Phobi']"
ad7ce8a88d30379d2eb1c1cb9b54709a.json,"['Virus', 'RST']"
6c0f96c1e43a23a21264f924ae732273.json,"['Trojan', 'Rootkit']"
248ade28e8e626a6df2d19a73f8be513.json,"['Trojan', 'Agent']"
17152d15cfa96451501e5e48a7506060.json,"['Exploit', 'Exploit']"
930e70589e8f8b05cc94e89d0112538c.json,"['Backdoor', 'Tsunami']"
3de39fe8d5eaa7e3b63fc722d607881c.json,"['Exploit', 'Bind']"
e31907ca6f70d8a80c7726480d70427f.json,"['Exploit', 'Vma']"
320eabd4bf69dacf1c1eb416afda1a72.json,"['Exploit', 'Vmsplice']"
639b5009c6fc4238c24fc98e427cdc28.json,"['Virus', 'RST']"
d64a4ff4360084bebdcb727f239e481b.json,"['Trojan', 'Rootkit']"
69c59480b51b87116c31dce85e43d179.json,"['Virus', 'RST']"
824384b180196c8821b46c5de0648a7e.json,"['Exploit', 'Local']"
ed91cd156c154865859deac9e635acb0.json,"['Exploit', 'Dar']"
1b7f7a6af703002c56754c826459e109.json,"['HackTool', 'Tcpscan']"
5bf5255431526b0684737d663b7af46d.json,"['Trojan', 'Govelod']"
06aaac9db9551354bd828960324ca5f7.json,[]
16182e6b2234b56a7ac6cf4615cb94e2.json,"['Exploit', 'ProcSuid']"
586badbf4b4acc2672760f866dc8bf25.json,"['Exploit', 'Exploit']"
4ffa1363da557f916e5dac6f61a13700.json,"['Exploit', 'Foda']"
fc2536452398a6e4b92f8165a9d146c7.json,"['Exploit', 'Madvise']"
8395d749d82004299b71c6c7737df10b.json,"['Virus', 'OSF']"
1be6338d88db8af0e760fd7c2a1be713.json,[]
4cfae8c44a6d1ede669d41fc320c7325.json,"['DoS', 'Blitz']"
3b737f1889ef4426cdcd5f6c7ff7355c.json,"['Trojan', 'Mrelf']"
7416170b6a8ba9f77039666ac41ab3fc.json,"['HackTool', 'Mweb']"
018ff2c8b70dc7534eed16c846c756ec.json,"['Virus', 'RST']"
bcbd159c7b42651768314c824d651b50.json,"['Exploit', 'Small']"
faa1526b47e7d012a325da781a96814c.json,"['Worm', 'Millen']"
4d470939416bbaf8e9d5d1283bb91ef7.json,"['VirTool', 'Matrics']"
ca778a2cc34a72a24e743d9bc915c11b.json,"['Worm', 'Ramen']"
31c55141129151ee4728a40613b93eca.json,"['Exploit', 'Exploit']"
ef9bfe03885f35bfa033c1f1b7ae0f18.json,['Agent']
1cf7cdbc07ab7d304ef11a7622d81f7e.json,"['Exploit', 'Exploit']"
b0ff04fed5effece3d70e26560ed53b7.json,"['Worm', 'Adore']"
d1d9ea890a4357bfd9abd5bda588fbb8.json,"['Trojan', 'Bumat!rts']"
1a6e2a1ebaa423ba2974c3e66f734f2c.json,"['Trojan', 'Rootkit']"
b5ad15cf0e94a162b53fd31fd5b2bd7f.json,['Osf']
600684de6787d726ecffe177beb37e22.json,"['Net-Worm', 'Ramen']"
03089254ac780036c19c35f3b07f1b16.json,"['Virus', 'RST']"
4e15ddf3cfd4e4ae8d8a87e38757e532.json,"['Worm', 'Ramen']"
2c5b7eb274d3c58bf9278851e2e0fe5a.json,"['Backdoor', 'Tsunami']"
c2eb71c708d5161dbc34ba4f36fbfe65.json,"['Trojan', 'Rootkit']"
8c87ea4e5c2c5d6ce47e09ece0600e18.json,"['Trojan', 'Bumat!rts']"
ebf11017f66ba47ad87f96ec30b67ee9.json,[]
93002f144fde901260f4b4ebdce57630.json,"['Backdoor', 'Small']"
48a4094a0f5db60b47585ea2bdf87e95.json,"['Virus', 'RST']"
664378d10f610552d17e97cc06ade139.json,"['Backdoor', 'Tsunami']"
c39f87b6a18b41fa24f598d83de91803.json,"['Exploit', 'Wuftpd']"
80e6cde9f55d3b735624a49421925b88.json,"['Exploit', 'Local']"
da6adc06ac9889f59d3603c761fc76b5.json,[]
b824b5644da59a1ab5fd65bd028bb61c.json,[]
b7aedd8e6907acde2c2ca72ea18e1ac8.json,"['Virus', 'Grip!gen0']"
8fd78a6acff1a798c077a44f747e6b23.json,"['Worm', 'Corn']"
a147ab42e735fcd3d1b66254a1a4844b.json,"['Exploit', 'Wuftpd']"
830ad2439d9b9206794e5d1a527f8ee0.json,"['Exploit', 'ShellCode']"
a583399e3e632a204b2d0297a642343b.json,"['Backdoor', 'Mumblehard']"
ee320be8e4ee9d963eef1d6c7dc2570f.json,"['Exploit', 'Exploit']"
6ca25ab910854a41967bf8a4cfd3c026.json,"['Virus', 'OSF']"
0c9e6e792afae3c17e82dc467681e22a.json,"['Backdoor', 'Meshbot']"
786c3f83d40fc096b0ba1775801b57ba.json,"['Virus', 'RST']"
d3c970065a24c6d00dfe51c8ccf6214c.json,"['Trojan', 'Nuker']"
dd4dd5467e4f970e37a30536d1b73a96.json,"['Trojan', 'Trinity']"
93ace5eda5d333fd1feba5e1c3cfaaaf.json,['Small']
3cf8a3fbceb667121d91f4ef1a66684c.json,"['HackTool', 'ZergRush']"
bdfaa276c75b5168cbf6b274fb715e01.json,"['Exploit', 'Exploit']"
d92f9b608f8153918a253accc77a08d4.json,"['SPR', 'Linux']"
5391e8f61e02e71aa77dca36032e379a.json,"['Trojan', 'Small']"
95a67f1ae2e018565b6265bed5a1b7fd.json,"['Virus', 'OSF']"
f88f272c996f094cdd7f543962d6be15.json,"['Trojan', 'DoS']"
579f9be8c6eaf044fc68f6611cc14988.json,"['Worm', 'Hijack']"
ba32b2866e1ca82e9289564236eeaa88.json,"['Trojan', 'Rootkit']"
6c83053b1d50de68c20c823a7ce9c051.json,"['SPR', 'Linux']"
87e31092decd6358a8925a2fa8a1e5f7.json,"['Exploit', 'Small']"
b363cf11a88b0fd6e038aa8f7b5b11d4.json,['PSW']
46efd203fe846e2f1941250f8f6e175e.json,"['SPR', 'Tool']"
9cc064a527825128207ebd0e6f1737b6.json,"['Virus', 'OSF']"
16752a4fb17a879b5d08365f8320bf7f.json,"['Exploit', 'Exploit']"
edf4d6003c9c68774438e4fb25198dab.json,"['HackTool', 'HackTool']"
5366a8b6ae0210680137fefc86f8c5b2.json,"['Trojan', 'Small']"
9883ce1f998c0a655260d4864d522419.json,"['Exploit', 'Sendmail']"
151cfe09d62e470eaae4d2baf19a2bac.json,"['Virus', 'RST']"
622c7c29b677678320fc38b93281a5d2.json,"['DoS', 'Trinity']"
b2095876b65d6542b32c40230dffc929.json,"['HackTool', 'Fixer']"
9eed07bfc43b5bba5b0062c6eb0b0c04.json,"['DDoS', 'Knight']"
2e631278ffd035a6677fe0848047d713.json,"['Virus', 'RST']"
0c9bf89be6cdbf104aa62f94ec917eb8.json,"['Trojan', 'Phalanx']"
02b53285786714766d98bfd8946cde31.json,"['Exploit', 'RpcDcom']"
bd7d696fbf8b1e86675f506dd333dac5.json,['Hacktool']
1dc07a0408a41aa55a4f3514ce3b845f.json,"['VirTool', 'Matrics']"
f8466bfb471584a3ad7ac5eced742c41.json,['RST']
f82d4f7cdec83ff9b26d4f014032aa02.json,"['Trojan', 'Orsam!rts']"
2d1cf467562e524abb6ca1a6e2367824.json,"['Virus', 'RST']"
24740c8f0e5521e2dd52649da4cf6a6b.json,[]
25dee33b273421896991fe60bb853231.json,"['Backdoor', 'Excedoor']"
0181a556734500536c51159a2ac287fc.json,"['Virus', 'OSF']"
92bcab01e04099e92ab1d26883d583bb.json,"['Exploit', 'OpenSSL']"
1f1fafc6f6b08295c1ff882c491060e2.json,"['Virus', 'RST']"
9077eaadbb2318c4d5becdef3d109029.json,"['Exploit', 'WuFtpd']"
267615ede98bb5013c579f1e8ffc90e2.json,"['Rootkit', 'Rootkit']"
eee6d5c3d38c033bca58583f667ad378.json,"['Virus', 'Amalthea']"
dbc3093c875cb788dcf9ba71725d08f7.json,"['Rootkit', 'Rootkit']"
f3b4ebe70c8f7eca53e46a7a8fd8c487.json,"['VirTool', 'Matrics']"
0b57ab2f37580a84219dd2faaa9f3444.json,"['Linux', 'Agent']"
8d7a238d34f3c9151d98bea0c6e77911.json,"['Trojan', 'Regen2k']"
ce422953fa9cf5aeb4e8809992da5308.json,"['Virus', 'OSF']"
05804d9b0bb62dced38663f2f1bea676.json,"['Virus', 'RST']"
1190463088239067d34f889a8762366e.json,"['Exploit', 'Exploit']"
7f310b3c59d186a23b72de55523019cd.json,"['Virus', 'OSF']"
b190acb21261260d290e0ddd16bc7c1e.json,"['Virus', 'OSF']"
fc7ff6934d1fb1f1ad5e0de58f5fd0e3.json,"['VirTool', 'Matrics']"
2ad28d994083eb88d56eded361d7e381.json,"['Backdoor', 'Tsunami']"
79701d6879119a7f5343b20e2f987ffb.json,"['Exploit', 'Exploit']"
e32ae6fe7610cf70ec3d07eafd7ad8c7.json,"['Virus', 'Quasi']"
f5f67307511bebd4e3102a511c104771.json,"['LINUX', 'LionWorm']"
a8e8c412dc71acbfece57eb7b65ae34e.json,['Flooder']
4be3ac43bf4d0895313773f5352b5277.json,"['Backdoor', 'Trinity']"
401f6b30e1f18c4f2735ec44bf2cdca1.json,"['Exploit', 'Exploit']"
1da85ad45cb7e66738cdb0e050dca2e2.json,"['Backdoor', 'Tsunami']"
3d045ec55acb10e07b2b53cb2eae54a4.json,"['VirTool', 'Matrics']"
9b9355a3ea42e6d0d8451397898e6d06.json,"['Trojan', 'Virtl']"
2a7211ebf9bb4a6b751e09292354a482.json,"['Exploit', 'Race']"
60e43aa153e769c8d9ddeb070612b491.json,"['Virus', 'Telf']"
c95d45c50aa54e1619d375aeb85be885.json,"['Virus', 'RST']"
eb12baf4a95b294eb28b7011c89e6731.json,"['Virus', 'RST']"
1254747f0078e040c59d95f8d34097aa.json,"['HackTool', 'Small']"
4a32187446c284c2b975845f3ab9ffc4.json,"['HackTool', 'ZergRush']"
56f4c2e2e65f016384688fdee057904d.json,"['EXP', 'Unix']"
558f6430eb0f5a6030803e2043b17e96.json,"['Trojan', 'Small']"
cd5b31958a7dc847f9496399841154be.json,"['VirTool', 'Agent']"
a3ae1ce4c67fcd3e1d17f963d1c924b7.json,"['Exploit', 'OpenSSL']"
8d3c5865f0057c8e801b31d1c6e7a024.json,"['Trojan', 'Rootkit']"
c68fa19445717f991d398001c492dd7d.json,[]
8a5596c6837d933854c3a2eac127eff1.json,"['Virus', 'RST']"
a0c2fd1f730dc66344138998b0b220f4.json,"['VirTool', 'Matrics']"
9a2f6b06df8f2407fa44ff46814b3976.json,"['Backdoor', 'Noise']"
549038902646c59ddfd4437fec6edbdf.json,"['LINUX', 'Backegmm']"
16008e511ef7a63b0748b8d1becc5cc9.json,"['Virus', 'Nuxbee']"
71dcb1516635e8910a37444ecd95992f.json,"['VirTool', 'Agent']"
c6eff2bb2bbaa95259119a0a369d0b3c.json,"['Trojan', 'Microforce']"
e248954a42db2bbe8e05addea9f3d65d.json,[]
fc1d7dcfd6ce7ceeeb6c2260c047c2d3.json,"['Virus', 'RST']"
4a4eb9bc369efd66acb5539b4838ab0e.json,"['Trojan', 'Bumat!rts']"
67479829e8ea805e6f97dfb823301eec.json,"['Exploit', 'ShellCode']"
2b475a4760d086aa2c4a3fb08202a21b.json,"['Exploit', 'NetDDE']"
165253ebe5ad4303b7003d74673768a6.json,"['Trojan', 'Bumat!rts']"
e0a4ffd08bfe5742fc5c04b7302087bd.json,"['Exploit', 'Race']"
fa4c56a3a6167844691f8cfc02b72779.json,"['Exploit', 'Sendxp']"
b74a48a7555c6ae6a260b0a3ff7e6aa2.json,"['Trojan', 'Spoofer']"
6d9bf64a47e566944c7c1279e169de48.json,"['Virus', 'RST']"
a8a65bd376f38ce3f99bed64956bdf09.json,"['Worm', 'Corn']"
6b44318ecf3278f6450e7a4eac112394.json,"['Backdoor', 'Small']"
3e252e3abcad041c4c31e51adf6b7087.json,"['Virus', 'RST']"
6cf124a1c883f93dc05460235b0e6c8e.json,[]
377bc9c1e065725cce736e5374353e83.json,"['Rootkit', 'Rootkit']"
42dfedcbcea03c35587d873e42c67451.json,[]
9e967141a08796aab8d03360175744a4.json,"['Backdoor', 'BindShell']"
d44d015ef20a1d1b5e13cdb9bec3bf3e.json,"['Exploit', 'Exploit']"
8d5cdd953e94b7fa8d3102185ed3057a.json,"['Virus', 'RST']"
059ba1782492ee7805e49ea27cf18e1a.json,"['Virus', 'Thou']"
3f617baa839b8a1e16d3b53ad2a12284.json,"['Exploit', 'Race']"
412b8ac797c22324f7e889ec7888daa4.json,[]
8f07dfde8ea27fa0d1c2e9065cc79e96.json,"['Trojan', 'Agent']"
01c5f86372a4f31e72675f8be9b4e6c7.json,"['Backdoor', 'Tsunami']"
57f1b051ef85121d012521d193a62352.json,"['Trojan', 'Small']"
5febdc9124ea66211a562cd69e5feb24.json,"['Exploit', 'Nhttpd']"
8ad09885b95789f5539ffb1138b9f457.json,"['Worm', 'Ramen']"
f723d59377953d931537a050fbadb914.json,"['Trojan', 'Metti']"
ae9981650643fe4b23b7049431c4fd51.json,"['Virus', 'RST']"
5e5d5b8869d4ab8015eddee5fbb6e7c9.json,"['Virus', 'RST']"
708db992c8074b22537c0e3012e9204a.json,"['VirTool', 'Agent']"
77a9e22e9d4b93cd9514915170bc26c6.json,"['Virus', 'RST']"
238459a71c67d52920c0fc36574f7852.json,"['Trojan', 'Banner']"
9201d3aa20e881d67c77380e829f029f.json,"['HackTool', 'ElfPatch']"
57935e4d8f0b738ca5431d630fb07dc9.json,"['Exploit', 'Local']"
09759113d25b67027ea027baf900ea6b.json,"['Exploit', 'Exploit']"
ffb00447d40b0ae015752dd484d09de8.json,"['Backdoor', 'Micmp']"
94a89954d932b02f9f3933f6791a7642.json,"['Trojan', 'Iroffer']"
3aad30955ed6946670efea0dac9ba9b4.json,"['Exploit', 'Exploit']"
faf042606eb5f7e884ba7b1b28cc7766.json,"['Exploit', 'Exploit']"
f6991486a27eb5a9839af7318557c5db.json,"['Exploit', 'Local']"
affc49fddcbd3e71a23baecb7c977ad5.json,"['HackTool', 'Masan']"
305e1a0fa6b5d5d547e0d9b8f4b42983.json,"['Exploit', 'Local']"
694e1ea4704b0073ef6b99bdcf8ac967.json,"['Exploit', 'Local']"
d9737ab370b7c045d1e98c45872708a9.json,"['Trojan', 'Rootkit']"
fac88a9dc0026d0fa07d3e8b413e7286.json,"['Exploit', 'Exploit']"
d962c70c4631266e14254ea9cfdf739a.json,"['Exploit', 'Sorso']"
c385d1ae20cf266f75fb83d130f6bb43.json,"['Virus', 'RST']"
a4e673f572902f1182bda5b4a2001c24.json,[]
5cc470f0bca7a013a1eba4ed1368a216.json,"['Backdoor', 'DobDrag']"
5b2deaa4a3b6b84fdae57cdf24c7dee8.json,"['VirTool', 'Matrics']"
f0e879988dd417dc02da7d5def6367cf.json,"['Virus', 'RST']"
084c4ee848b7ea4ff3ea297bf7fde0a1.json,"['Rootkit', 'Rootkit']"
f4478cd70045674e4e647b150bc5ef72.json,"['Exploit', 'SSHD22']"
37777fe546287428012af224c1303e9c.json,"['Trojan', 'DroidKrungFu']"
8334c2cfe58ea4231e06dddbe3e763f8.json,"['Virus', 'RST']"
d57038252d47adee9a11afe31f7adca2.json,"['Exploit', 'Local']"
9488a6024fc52172d3c2115408ffb56b.json,"['Worm', 'Lion']"
0f427c3a7fee30d79c20dd54eecf9946.json,"['Trojan', 'Spoofer']"
cc35d5e0a6b98617dd34d6fbfe05fd88.json,"['Backdoor', 'Tsunami']"
68222756473b41bbbdee276cf4b4f924.json,"['Virus', 'RST']"
5a8b9bea358b45638288e8d9e3c2a40a.json,"['Virus', 'OSF']"
674de812d0266550d5d4c4471a5d16ed.json,"['Exploit', 'Telnetd']"
ba1831e447987c76e8a4c106e04f7587.json,"['Virus', 'OSF']"
07a928e5fb5ed67cb24585a810b13cba.json,"['Net-Worm', 'Adore']"
4e8826922ff51ada4220ff9a8a33b4cf.json,"['Virus', 'RST']"
4da796d3b3adf362263eeff1cedc7518.json,"['Virus', 'Telf']"
b5e64c17636de4393336617fe6f20cb8.json,"['Exploit', 'Local']"
b3bfc07a4d8c7faf6f35827f0dd70a0d.json,[]
17318462424428eb014aad1a21165fff.json,"['Backdoor', 'Tsunami']"
45b297ecd7dca2950f18f2f8dc2eb430.json,"['Trojan', 'Bumat!rts']"
706215905f84e18be109bc33427ef221.json,"['Exploit', 'Epoll']"
2554ffaedc5bf037383457e671f0baea.json,"['Trojan', 'Flooder']"
bbf93eeb76ff71e8129f8fec3863e8ae.json,['Osf']
ed449d56f8ae2cd17da4e36fa38d5baa.json,"['EXP', 'Linux']"
559169cd8167dcbaaf065d6a122a289d.json,"['Backdoor', 'Tsunami']"
9775e61df66ee2decbef09abe04d8323.json,"['Trojan', 'Bshell']"
6f787492c670fea70f763e82643082bf.json,"['Virus', 'RST']"
c81687f522f324e7be481c38a5eb802c.json,"['Virus', 'Grip!gen0']"
ef4640cc4e7002ef085c038ac3ec9a10.json,['RST']
4a1715259822c2c32b109aa98e988e57.json,"['Virus', 'RST']"
d01f78684b5d1fb09e51695ab846d827.json,"['Virus', 'RST']"
b14915a8173e702ad78c64b70e15f9a6.json,['Flooder']
5b7910be1fa9b1ff6ce65bb2d584ee8b.json,"['Virus', 'OSF']"
59741bf214e230707adb04f4d26b77be.json,"['HackTool', 'BF']"
d68b7c3c6aa8577b7186d32a3459655c.json,"['Exploit', 'Vmsplice']"
54e304c221a9bcb9452b20728d66311d.json,"['EXP', 'Linux']"
ced323b51dc984f66c2695d8fd6a2368.json,"['Trojan', 'Rootkit']"
a8707aae123669d78c088c500b9738e2.json,"['Exploit', 'Exploit']"
aa9801913c4ffffa9eeaf311ef653d55.json,"['Exploit', 'Exploit']"
b59743749b54face937fc51ef64d8c3e.json,"['Virus', 'Piltot']"
7ab325a4119b46126d58c3cd5284c67d.json,"['Trojan', 'SQLexp']"
4044d1149e20fa556455544e772c9219.json,"['Trojan', 'Rogue']"
b5bd46ab2aed3eb38275e12504819c11.json,"['HackTool', 'HackTool']"
a078efcd4f1b22a6b7f416ffa59a3098.json,['Flooder']
d45a89ada82a5ae80d2c01d01a1cb256.json,"['Worm', 'Lupper']"
8e72fb29d42d6119efa7d6d3042a5dee.json,"['Exploit', 'Vmsplice']"
935fbf243e1341c5a04833c07da14e1e.json,"['Exploit', 'Local']"
9fd9406dcf866ebb1a9ff114c564c6c9.json,"['Virus', 'RST']"
893bc9fdf615f7c77b2dc0f87df22fd9.json,"['Backdoor', 'RST']"
5e998bbaefddb748fdd019f693772f4c.json,"['Virus', 'RST']"
be90b8ad3106f7db00036706e5e8a82b.json,[]
f5a9810778082f7e5a687d69cfdd4d52.json,"['Exploit', 'ShellCode']"
50f646fdaf774c6ad058aa718a45b2d5.json,"['Exploit', 'Apache']"
1e22c0e859a7a83b494923c6337d77ba.json,"['Trojan-DDoS', 'Trin']"
24723bcf57c351c83423e96c6271ea57.json,"['Trojan', 'Spoofer']"
407131a389d99804c399076c266fa441.json,"['SPR', 'Linux']"
78025d449bc4ed2b7712ca1badcc4c09.json,"['Exploit', 'Exploit']"
1c2e5751c8feb157e82720e680276493.json,"['Trojan', 'Small']"
b41a4bb5027e59957aed39b201af95ee.json,['RST']
243303efdacb742829ad8e5f2180bd27.json,"['Exploit', 'Kmod']"
b53689001dd609621e647131340e5196.json,"['Exploit', 'Small']"
d7bbf4b3e3ed198b1554951c1365d36a.json,"['Virus', 'OSF']"
bf57c76c0a50468ae0a05c63123efce1.json,"['Virus', 'Grip!gen0']"
f9adf81acafe1030bb39ee22ba8d0675.json,"['Virus', 'RST']"
7ac8b664b91be7ad5ce88e7436cc2498.json,"['Trojan', 'Hacktop']"
a4a30b142d604a7da90bf772a93c1f2e.json,['Nuxbee']
0edae674d07a68eda7497a10c580bdee.json,['RST']
d1f372536be709b26a5db38d955eb563.json,"['Exploit', 'Bonk']"
dff9a718fa0688260f0f09324d460343.json,"['Exploit', 'Exploit']"
221be5811af4bc3c5da875fa1e20bc1d.json,"['HackTool', 'Hider']"
a3106a950df4a9ffc530ab04044526b9.json,"['Virus', 'RST']"
bbf341c0e0d047713bf3d9cbd70ff979.json,"['Backdoor', 'Small']"
1642c23fb6accc2bacd7edc9e788c0af.json,"['Trojan', 'Rootkit']"
80d2ff3bd4d64c52e94d86a84660f2c9.json,"['Exploit', 'Local']"
fe90f2d978e23e53c393c5130a70fe67.json,"['Trojan', 'Rootkit']"
e3b76d8f7a95cef17bd5b214844f1e62.json,[]
52519d90760d69656c41a4eeff0c997c.json,"['Trojan', 'Small']"
33e0c0c4f6822a13172ecf8190e38156.json,[]
11c489ddea858030b23f7ac184994439.json,"['Exploit', 'Exploit']"
6111931b30d59f053243bb4e445456d0.json,"['Rootkit', 'Agent']"
b58beaa78a57badc30aaa327189bd0fe.json,[]
7728c15d89f27e376950f96a7510bf0f.json,"['Trojan', 'Rootkit']"
72e4e1be8b93bc08aa303b93372b3365.json,"['HackTool', 'HackTool']"
e1ef1f3cedae1064ee25b60f921db2c2.json,"['Virus', 'RST']"
9bbdc27726e04a8c2941b5a1305d19ac.json,"['Virus', 'OSF']"
a325bb6ab2965e2bcabc9bce1355901c.json,"['Virus', 'RST']"
a2d85a71962d5814ce411baa1431255e.json,"['Backdoor', 'Whoredoor']"
b482bfdc5eae1967062e8116af8c3e2d.json,False
6b174d94b2b20a506cfdd4074be6df05.json,"['Trojan', 'DoS']"
2663b34ea5963182c50401f0c31a181f.json,"['Exploit', 'Small']"
7636b324535b690eba33b506c3f6bceb.json,"['Trojan', 'Bumat!rts']"
14f145f6834b2e7d3649dc8f9165962a.json,"['SPR', 'Linux']"
3e9c2cac8cd385a39355e07b561119c4.json,"['Virus', 'RST']"
6b0437dbcb729b0a5b6850213cc02ef8.json,"['VirTool', 'Matrics']"
46812f72ac00fba89f8cd157b2a9a3b6.json,"['Trojan', 'Rootkit']"
a56ae118dd165cc5b19b035d3bebc42e.json,"['Trojan', 'Rootkit']"
3f00510ca077f4b821c84d9a3d5a3a41.json,"['Exploit', 'Small']"
58a48d3e24a5d317e816617ff212dfe7.json,"['Virus', 'Grip!gen0']"
43e6f531c8ac4c2c9e9a06cbf87a0d45.json,"['Backdoor', 'Kokain']"
8ae039e20209ee69f5f05676b9759353.json,"['Exploit', 'Sambex']"
54c1432a02506706e627e6dcfc40839e.json,"['Trojan', 'Rootkit']"
74ee9a43ac5bb5f1521c9f310e916acb.json,"['Virus', 'OSF']"
700c1abaff5975d6700255c93a188e0d.json,"['Exploit', 'Exploit']"
e01c39f739e4c2f56be3348cdab8c035.json,[]
0df5910e6e5f865fddf2d4a4911893fb.json,['Flooder']
30bf0ead4a4db9731960e4fc224d772f.json,"['Exploit', 'Exploit']"
1013d978d4e9acec9d7ad840e161661e.json,"['HackTool', 'HackTool']"
da08f0005492627a494de6b79e76858a.json,"['Trojan', 'Small']"
dc05aa1e1c372ff10f8490bd72e2acf9.json,"['Exploit', 'Xpl']"
3bf6b0f11e6949c7bd675410672defa5.json,"['Virus', 'RST']"
ad0f0ad4f5bc8b8ac3f45444f45cb97c.json,[]
a92c2533e4b12505d4d76f7126e63f62.json,"['HackTool', 'HackTool']"
69a8b9ad3e955b866bcf9396c425cbaf.json,[]
90f856fbe66b06b1dbbfcc08074e51ae.json,"['Virus', 'OSF']"
d0f80019bf6dee638996133ea39fef25.json,"['Virus', 'OSF']"
9fab551433152bd4eb67aa4ddce0c346.json,"['Virus', 'Osf']"
d36768fd589b6aac4a97a93fd3ba60ea.json,"['Trojan', 'Agent']"
3fc77d2a3ae361c86ef4629c0f5e380e.json,[]
38f184d73c6f506c49003264d550f72a.json,"['Exploit', 'Vmsplice']"
e1ba71f6618ea60b52d3d5e77156fc59.json,"['Worm', 'Ramen']"
af2dbccbf075e2723d3caae3206e3fc1.json,"['Worm', 'Adore']"
633cbe2050fad6461206feac545e10b2.json,"['Exploit', 'Imap4d']"
1e5eb137f762df0b8b291ba3c682abcc.json,"['Exploit', 'Foda']"
54e23ca06b986235e51981a526fb3f2b.json,"['Virus', 'RST']"
e6424b5b6e564d682db2c069e932048c.json,"['Backdoor', 'Small']"
4e0ee9f1571107a015e63925626b562d.json,"['Exploit', 'Exploit']"
be008d037e4105aace6b1a944b706c45.json,['Millen']
970116936f2ddcf8412fb344445f2b15.json,"['Exploit', 'Imspd']"
06d978486d7aacdec0591b60810cd3e0.json,"['Exploit', 'Exploit']"
794dcd7c345d57326fda991505b56a31.json,"['Backdoor', 'Tsunami']"
02885e90cde74b696aa7f61d0599b65c.json,"['Exploit', 'Exploit']"
ce6e7bed37de6be7dcec854b3ad8a2f3.json,"['Virus', 'RST']"
a017bd6ef3bef0e93eca6ec510fd1eaa.json,"['Backdoor', 'Tsunami']"
860a3cd4cad692d8628d8cc84eb07519.json,"['Exploit', 'Lotoor']"
1497e336f8f7bc741ee0688434fcca8e.json,"['TrojanSpy', 'Spy']"
16c7cbe2178f46e4f717d9bb6a511f28.json,"['Backdoor', 'Small']"
fc12bebed9f2c41698c908acd0e2edc8.json,False
8ec87dac0c793ad73adf2d679a28d069.json,False
bd33ee6cf77dfb81668bdd954c55cdd6.json,False
72da69d8a4c544860eb59fec864bed5c.json,False
2a8521489788127893ac662bb58e5607.json,False
d0293c1c23d2d9b1878360c333911736.json,False
6e802590ac0f88f9529c26dc85c58880.json,False
1ecfe8b46e2043556ac3503b38e24910.json,False
919e40cce37adf9eb28efd5f5420376a.json,False
a5de162ce1ea2aef921ce7face420687.json,False
0e635e4e08fe931df43d59bdabba0583.json,False
78623e8464de378d2647e1e82bb25a8b.json,False
c1c8338025f34651a6eec307883af068.json,False
64d4cb7d1341f30f68b872e4c78e1020.json,False
1a8404d6d5e9c129289630867f3816c1.json,False
692a3e976a6310d2f270dafce317c4d9.json,False
e62f95876d9f90330d50896530841a7a.json,False
3171cb80d4f5583fe4bb1f83549449a3.json,False
eac857aac16c59f2a1d9b5e3a8208d8f.json,False
e7774ef3b4e1d6734fbb9e3ce01be5e5.json,False
c940a71ed7d83799dca92ff422a91282.json,False
36cb1628f8229ea104a31c323494de24.json,False
e770c3ff3e324315c5ac1b2cdaa0b47b.json,False
0e5e255bd176af509d92fc4f3ae0abb9.json,False
a5f1ebea56d1fbd9e3d615820b0b75fb.json,False
2b7d8b805512d6c7331bdbc38b647690.json,False
caac735f3822e2e850551d98cf41df71.json,False
7d3296ffe1787324fed6d19bda594c27.json,False
c24e82931367715c8597f05e5279bb0e.json,False
fdf054a3bc35f779ca6d0c35c7a1fe47.json,False
f1a3455845c039ee3a990ac785846f69.json,False
541a2fcc3423e5de432a52e772c2236a.json,False
8b94afded533b954834d51d03f6ec1fa.json,False
2c598e79ba250d60fa8f2c17f4968a25.json,False
e8cf70d524aa7c4f006022307bb484fb.json,False
369915be5dd1c8fb290ece1ebc9c65a7.json,False
538f5f4ae8ec2f94bf521176aab62069.json,False
1e10642a1f0722b910583ba3cb31e011.json,False
0eb670089e28288fb5d9241bbd14069a.json,False
063e9fe33e46412f71f1d65a43fcfbfa.json,False
eb1c26da59b892570f4567469d49bd8c.json,False
0cbb48fd8a507e5fe9288df127e9209e.json,False
4280defef4675ed9207e9b22f55f7b4f.json,False
64799251bcf383b50c1cbaf1076477db.json,False
7590dfffc5876e1cafe3700ab233d15e.json,False
4048001d58a4692e7a924979eae19f20.json,False
a766085f140f39f0a7b51f97f0679633.json,False
7c1ccb915045dd7a850eaef37f2ea670.json,False
5dffbfb9c49f1115840c99080ee9b1a2.json,False
ff0425f68b35aae3e0dbcd7693d09940.json,False
b8f97d0ba7d21e5b08d98f32ccb97fec.json,False
9bb2185667e77e42613a0d43e5b394d2.json,False
016550948bfe5f621d8109b30efced41.json,False
e30d13de4f9ff80171042be890ab09fe.json,False
bbf871cc756c6d91608c2b0a8e0bb169.json,False
d158af23d821fe9d98d5b92fcae2f940.json,False
2dccb2a7f3536b4d98337a35fd2cdb42.json,False
dbf429f97c43ff04c76277a4217db24d.json,False
4e20f353a9ad30cf365ba0e1834fb748.json,False
ab4ebd502c5687554bcbad82730ca4ee.json,False
57f3835bbb38d8086bc2749e8694320a.json,False
4e267af643eefa437589ef80c9d3c60e.json,False
174142b0c0a905b73394f52fa1094f07.json,False
4feaab974f751597d36be5726c869879.json,False
f9c5eb1bae93eafd0444551bbd68600c.json,False
34cca4e9e9c72a8666308d099968f556.json,False
dbfd71ff8a6006adb4ee2ddf34ece5a1.json,False
0b7ab5021e8fcf319d628e52e2121f82.json,False
1b2d04975c98fac1f13192d57435ebf6.json,False
f3a41b7b14f967710bcd65db9bb3c1f7.json,False
8364b1ed85dc45a4a055582b905f55ab.json,False
e1e92fa8ea4d9cc19fc554eaef7d5193.json,False
f9d955d936b981b87a9cb7dccb663dac.json,False
14c6ae25888605c15c37e456b7ac53ac.json,False
ba13bcca859dc362a5ab8aac2c9acee5.json,False
86732ecae36d4eaaae7a71d3c4da196f.json,False
c9d944db20a46892066f9213ba03359a.json,False
67a990e91a0d541d2b66c99b2e572560.json,False
2ad4633153ef766c3dabaf1a313d6be8.json,False
524bc94aab190c7242e37b8cae1d98ed.json,False
9b063899fda34d05551cab996d697822.json,False
665c74996bb3c98d3d34ec361ca845ed.json,False
c4f334f2ea2fd606ee3f9eb73e2fd5b9.json,False
a5c39609079519626dcdc6f99244ba01.json,False
d849690b87ff2fbf147e8dcdf3a99c50.json,False
8d52c01085ac49b8b2a19f3d1fb6c127.json,False
7e3bc8abfe93833bfdf082c991725df7.json,False
afb47bbe61836ef0333cebcd8a5c94f6.json,False
942ea0c4cb729d4878eb5b8998981228.json,False
66a13d6b643a59e5dc064622e7a2a3d1.json,False
118682e01097b4e4be395d20903bca99.json,False
8b1ba12a6246829d774ccfdba27db0d6.json,False
5be33db9e93cc88f3254aa711bf10b67.json,False
7beaa49050a3ddc19f75208110034122.json,False
cf92683b8da14e9f2cfc9fe25c4ec47d.json,False
794dbde848061c2407245e2865d24461.json,False
7fd2a35c3fa8d0be7ba93ee6dbc4ca6a.json,False
e935191627defce8c2653c761f25c441.json,False
509ccd8fa9115ae862c84aec63b1fcbd.json,False
ad4263f0db4d6b5bf89e6579cdfa0e8e.json,False
b4088daeb311c24d8f9a20b5ec223bc9.json,False
858e29923412a05094f02b3b1ae9a8b6.json,False
6257c56e11201e2da9fd5624b1792bcf.json,False
308a420f56f4e5a0e03b0db674c656d0.json,False
145fa732feb580f22a7bf8e7bdd693f9.json,False
f26c70be779bc16d240cbd3285e085f6.json,False
04bbb03caa394e33718640611eefb869.json,False
85bced3db6a582ec8a6387716eadd20f.json,False
f5ddcfd1c196977073d5da86f6c6f240.json,False
093bdcc535adf93cf2bb8bb9ce86dd45.json,False
a1ccbc0e867087a4b1274bc122880600.json,False
7d83d7e08857e31e3738829aca2da808.json,False
185ff81825f832b1cce0be768b8c3507.json,False
24cef0845e094d01b1787a91eaa716f9.json,False
61091e408670002f606e4398343b9067.json,False
737f38fbfb297e703be7ca4e9f5f7997.json,False
59ca64fb8ff66acb9d9dea7ed9508632.json,False
5b2f7fa16dda794d32afbe8752aa961a.json,False
d6f06be6d4ba2b9b428049bdd14058b4.json,False
d519da5bd3414e5e043004f4848bd555.json,False
9846b09102d6b21d435f1757af275264.json,False
b41d5d36bb6f6ca140048e42d93103cb.json,False
90b0e2c6402077dbd8e9173aab2caa06.json,False
dc96e7db2fea99475d6417da18e64a72.json,False
a0628cbc875803b769d751224e0bd2c6.json,False
12e571ad32b5aa83461240e4ac766e58.json,False
7514393eb4e474c1233c3afc5ea0885f.json,False
46a26f5803dfbe7d19f7749bf6f21d35.json,False
6b67333e448aa9fc24017f0a3349c60a.json,False
35abc8252d01fa75e6e5bde6487810b8.json,False
ebc2cf45521d87f07e42b021d5865a08.json,False
c1ab8374fccf684dc7d8bd2f5859c124.json,False
23aa96ce66999a5178e0668ccb249a09.json,False
4251fb8ec1cd1070e9bfbda646e75e9f.json,False
912e4ac418403968a8dd3f0eaaa037c9.json,False
81220d27b6f8fce33cb809c43b7a95a6.json,False
20c1e9dca1a9d1bab1e04a88bc2041dd.json,False
c390c30052835f2b6e121b55de27554d.json,False
e4262a4ee5143bc4977f1749daf592ef.json,False
c81c098234410ac7729c6fb804bc4be9.json,False
a12edfaaf27e54d4630451d8657820e4.json,False
b43eb358f0f4549c3009d5299d9bcb93.json,False
a3de27e3ae38d6834cb798b410fa711b.json,False
d4147565df7050ba92812b85106efb8e.json,False
6df17dc781dbac26c8801d3bdc16a3a3.json,False
171c4a8aaa5e4ad22da9b352c154e829.json,False
4198ae1120dedfd9889b15e1dbe5016d.json,False
f611c19583126763c5c52858f47791d6.json,False
d88d236663f07f04c0fb032d27b844e9.json,False
0453ae2cac43ee1da908ca414c3e31e4.json,False
a128760d829b4f5e30e4e758d01eabe0.json,False
73ed1f49827ceed1c8ba302422d3c74f.json,False
188105775f0a31805dae1c51ec44fb4a.json,False
5fe962aee4f715ee7f0f7e474545fbc2.json,False
53cca3cf0d38bbea45db0d1d667048b7.json,False
b9f76816d0cad9e5c3d7006c694f3a6b.json,False
59cb4d7a8b4d132211d2db53c6af5e27.json,False
a971b012356553e815c1762f8e4d6a22.json,False
35300adc5c6c0c66eb5204a26a50ba9b.json,False
3edd64502e7a7a406dd9faf550542e21.json,False
087ce9beb564cad399970e51e94c834c.json,False
39d46a0cd60393e5571b720c915db30d.json,False
36194fcb98fb0a0394384adbb78d941f.json,False
f7fe1422dab3c0f23d8415f4463d442c.json,False
19905b65c85952375448ab2f8c94ae0d.json,False
0086eced29d57421ec8778f1f3084915.json,False
f7a1bb913aaf5702d3e7a79923bdc9ee.json,False
752db954de22cc47d695a367d8e4c405.json,False
45f86869444401c19821dc9cc4798072.json,False
58cc1ec70949333f279c8fad8375f549.json,False
c42ac93969af2cb36bac9d52cd224cc6.json,False
9288dac26e0aae060bc2bb036020b451.json,False
337410f0a7cfc8b0fbf48b4b0f93fef7.json,False
b4153fc4fb3d670af8e83683976cfb9a.json,False
4a840771d789e624559fe069b5d74817.json,False
12a1032d4044cb9bb2d753ecfeb33551.json,False
21c14ea5c5665bc31cfa0db4c2f68ba3.json,False
40789e7f7671526f2656c2739eacd6aa.json,False
7f73294c89ab3a90e8ca18d492732f6a.json,False
4f4ebbe04e8cd763710754e429bc7074.json,False
3a2bff9b254aba8cf2e248f450adec54.json,False
e2f1ccf97823af57953deeddd66a3922.json,False
721d3897797035292f800433c40cf4f9.json,False
16550fa67b0104ea0dd45870b3f5c00d.json,False
1ad49b678050f6ad8bf670c09fa7f833.json,False
f5cf01f503181df8ce177b79d4121631.json,False
d59ce0254cca866e273f4663a3939c9d.json,False
21c0cb0f914498f3f27f50bb3e94b4d7.json,False
7bc1f1eaea7c8f6068cf1eeac60356d6.json,False
d9a71687e48db82f53761669284c4bc8.json,False
cd115d70da4d306edcbc1010c8c72a4d.json,False
86e5fa7c5c2f4b331579e15b908e7417.json,False
22e2eb218d500d4edaaeeffbee229ff0.json,False
63ce75c3151441f0d34c19234e880687.json,False
ff061e942731bc4dbca5bbff8da7f5d1.json,False
c3496d9f286968cd94e4fa64d4942b57.json,False
4087376ef72170f248eb2f0665a26796.json,False
9d6918d27f63fbda92c569304bca28aa.json,False
11b97d648b9a895328dfea0e52798722.json,False
feaa6f6025c67f011122d325adb2d7bf.json,False
a36be1764bcf976d2877874a0014312f.json,False
00b522fe648eea24c3eb90b3d814ed72.json,False
56ececa91f0cf21bd8baa771f76994cd.json,False
b1338cd9b5a853d8920f5a868108135b.json,False
fa2067004d4a6ab29d82d4d9b84f5eff.json,False
08d275864068a2e4291275bb6aeb10e9.json,False
54e91ca42cc267d6dda6432c7bd51e61.json,False
0a4b022d6865dc32bb246c8b57aadb06.json,False
f22cad0925838733523af3c9dc12c5ca.json,False
b91dc3926b754731309fb3bf16a6d23a.json,False
246359ac39b552fa81926e5a80344a54.json,False
941bab386c979d49d5d8e891a4b56706.json,False
558eb5e5da4612e6fe02bc688c0e260e.json,False
1652f264547a6844a2eb36b586ae963b.json,False
511f2b3b806cd803418c7fda48c53422.json,False
f8d9f8589456032d58068942fcb7b153.json,False
b44334b65cdf98afc7bdd4f5c9105bff.json,False
7a7351f7e12772afb092cb622504d86f.json,False
43b84b8ed7724e8b38306b8768324d03.json,False
f466b2fcadb6921e7628fa3c51333e1b.json,False
7ca4f213e9cdc205938e66caccfb1bcd.json,False
a36538e6db96a4604bdfc9fa72fd282a.json,False
15b4c899fcf48cc2990ade84e2dd423b.json,False
7f79723f942537ac5557dd52643b05a4.json,False
f7c24ebed8fc9247dd63f03ad51775c9.json,False
554d5a138e18c390b800313f704cda6b.json,False
07e12f05c18076936095fa36c16badfc.json,False
33459cdd140ac993a326a8f4b76f19c5.json,False
9dba0f36d1d8d8c684579c5e80700337.json,False
679dcd2f51f22ac409c03006746a27a2.json,False
76cc6adf225e76a35e84ff50a84ebe21.json,False
77eca8e4cec266eeba3bbad2bafcbdc1.json,False
b2005829060bfcde10e728d76190c3b0.json,False
224ce02b25ef000afa24859850427e1a.json,False
a1936d51680ba41c8fa470e9be670f2b.json,False
f08b1fa9eeccded23460f3452c7b10a9.json,False
8509c64de26b144f53dc6928773293fb.json,False
7fd687c9cdc8a7792f017a46f75db11a.json,False
ea545ae16d6d1e3e799f463c7f7933c1.json,False
86bcfe09bdadba00da5e06c56444c414.json,False
f4345eb427722fc6952d1d8f5c8e2b25.json,False
b03b7fe39dd85fc9daae367c9506c9ab.json,False
3bb44153b6ec10bcb4124ef9e9f110a4.json,False
52dfe50f6c0a5a25a253cc3af661408a.json,False
4604b61ba182388402d5d0a15246c787.json,False
c7d7e861826a4fa7db2b92b27c36e5e2.json,False
4859f502b336a2f18367c94bda7c9bfc.json,False
2c29153a04b3a325b2d4b4368554f2b2.json,False
70c7f3063ebed93dd644a0aaf989b6e2.json,False
d577bf858ec54219214b5dd642f30514.json,False
b135177232dc12a1394cb74e549ec417.json,False
5f355627a64b5ab13de40a8a912c7df7.json,False
069ce49f2ea26ee5c9ebda21ad1bd613.json,False
53ced7fe896a25ac1d12ec5bca5659bf.json,False
6b79cb293846e8cabcc1246c8aa0f30a.json,False
0c492638519f27d938a2f8621b9eece6.json,False
6c8425e7058aa5efba4a67c05ad9fc75.json,False
6fb736b7b5be72da3c60ab81e74967e7.json,False
9a09f9623cdfbbb26dfcdb2389f04fb5.json,False
55dd71bbb7d23d1220f8bb33a4b20edd.json,False
5d1167df33e9e2794959f9bc1cbb4c3e.json,False
0ae3c8d0bc006b6d964ec912b500c232.json,False
6c80fa79cdb18e092e2d37402ecc09d7.json,False
e0d4b54d790d14f82e9516860a1998bf.json,False
fb6067c71e5f39f759dcfbf72b44b64e.json,False
a65b04b73a723073fb2a9947b064f593.json,False
09da7489dd216220c506c74768299914.json,False
e25059c3be194875426008182382d759.json,False
b805f07612613c461d66717ad47a905d.json,False
d43d7bd122e0abcd79da10873f201aea.json,False
b8d09487b44bc3ca8fa03bc16eaae9aa.json,False
ef32dc6dddadbe0638d7db4acc5c2ffe.json,False
60af3eff56c7cecad260785a7a61be10.json,False
a9c84e66a0494cb8421f1ab906c0f14d.json,False
96f6b1c55389e236c794776be9cacd08.json,False
30066d972c84baee89b7c9b86a2c81da.json,False
ebe854f0e7999bff8800c598d3e10bc2.json,False
9f3909aade73f1f3efecaaa436a3555d.json,False
d4b3e0dad235d8db85648bc733b4cdf3.json,False
21ea21c6e849edd1932b0a3eb704992a.json,False
a6ce335dd1f4bd5c21ee8a5b84889058.json,False
6b80fe26023da9bb352ec9109a08b1df.json,False
db172a097a47e33fd7d9e1e648c72e2e.json,False
ac8b69c7333203e422c3d18ba862fd75.json,False
e9808dc2869ab890051d52bdc7e391b9.json,False
8ae9d4bba2e6d794db60c840c7659fa0.json,False
25e15bb7f7d46083d93c3193f91f5d31.json,False
de41028582720271195ed060701aba41.json,False
94a30bc16e0e7dfc6a64c2b5b79f6cb7.json,False
2a04091c83fb543a76a3b001f490f979.json,False
ee5908bebaabc2267b1e58a4ef54b65b.json,False
faf2501a767a184fb67140066074e10f.json,False
24d277f394f8d6053e8fe9852a4928b2.json,False
c55404b5d795778ae866f185ed45c1d9.json,False
c005108465f8c8fa4671f139d63fbe50.json,False
3deec7f4fa618f6a97e7f7af33edb299.json,False
f57514ef6980a0bf5588aba98a023fb8.json,False
a3e718751e600c4e8503ac6836b84aba.json,False
0367668dbd00eda7a3a81ea3748ad362.json,False
1ab2197e4d0ef8bcc9376dacbc69132e.json,False
04a9e8116754afb5817ecda18e132fec.json,False
89b59cf24b20e470777ea97c7dfbcafc.json,False
5e9957624fb6a8440e628386fdba5783.json,False
800dfc1bffa5b48612d5e888750fbd2e.json,False
288e03c5619a51dd93381cbbca7da477.json,False
20b366143b378211aae19b9ae7959bca.json,False
7f7a47f3ca86ad2fea85b43b75eb2f7c.json,False
bdade4912c75f7b9033005d5d06bd73c.json,False
62180f6b59b96526a50f2b38ff3ca544.json,False
8803256b20cb4d15ac118ce0c05e4fe9.json,False
56c7dcc249a715e05e5604d142d6d1e8.json,False
76b29c26709bfcfa6b9fae4f7266d330.json,False
7b2d83444d612fc57bec87130ae30d58.json,False
049874bf0b678b7824c61f9be244ed09.json,False
48c0860eb11ffbba3b62277380bf8f2f.json,False
0100a791cf0924db4d3e890d02e32b60.json,False
e55a5396dcbe653ac27143b19172f576.json,False
fa65490504266efbef9dadbc9ff61089.json,False
de41970b8556f38cb16c3797410dc4cc.json,False
4acbb952e585a70b93f28ddbd12d8991.json,False
b20a99d7e7e24e4c3faab2b2217ebded.json,False
78949147a3570d7bc1b39bac0d8d0d77.json,False
d7f9f30eca9d1a6f428f2ea163b8afff.json,False
ba48fe7ccc8ea59d8682233965176790.json,False
c0fbe8daead397c356364f26299b8119.json,False
0b7efd40e89c7a684fcf8950eda41a0d.json,False
efb10d9d306199a49377cd21132f67ff.json,False
09ba300b6328eca4eb16f602b267e41b.json,False
345d5d7ee02eddc2edc13026b8999587.json,False
37040d1a0203c101a9dbd70eb6d0efa4.json,False
ab2b3e37ae313042c1c74de82f3c65ca.json,False
7189c3d48fe5f87b5b664daeb51bcb13.json,False
e349a96580f68fd748f3513f4c14f58f.json,False
39d8479d4767d6b418b4a7e7b07a1921.json,False
c40fc9913cfedae464fbb8cfe3892314.json,False
051f6930a1b71e7860e687dacfcec935.json,False
50a44e6363973a0b256b472c68268aff.json,False
8036390ff952374fc5791f2df50d6739.json,False
bfd17545fd89ab9de7dff139aca45ab6.json,False
fe2b2560121db8d08d044bc2d579eac4.json,False
b21c7770a6b16c166a1dee6eefcf68a1.json,False
591ad69f1bd1ab5ea1433211e6ccfef2.json,False
87ea441b2b992403738a0939d303528d.json,False
8d8609e36571332136bb5dded343460d.json,False
c66ddcd9112d297af41489ec300ab4cc.json,False
95d074479359090dd7b94a420e5695b5.json,False
b36e9546ef43e8d0c2f81f9be1941548.json,False
42ed8b6e3e5cd4e92041160b284105be.json,False
cd3df50e33a56c3ed35bca1196258088.json,False
e71384d0f6b42520fba4d01b0ff2f195.json,False
3f7a58d22a2374dd60fad2327e027645.json,False
3e02b0d4df43dc641514cfa21a562e0d.json,False
a5ef0e83dfe1e532660dd0521bc54c34.json,False
6fa1a757b57cb38363553d8b953b2d41.json,False
a706699b75ced5924749725637b93074.json,False
7da064e6b32d35705f18ad3133e25f89.json,False
936501cf0a92eacee7f5aa4955ab0db9.json,False
a01d2f403c2528edf7d30142b33a8721.json,False
83a950ae27e6a82eb0ffb8b7f2361497.json,False
00f7adbe9895699b07a114e383787c74.json,False
86627187866ee03011ad7a23dd2272b7.json,False
3aa24858adc7e205885010001921e70f.json,False
70714042b9293638cbc5af27a9bf39ad.json,False
e224f42049c78786ad072f89aeaae1b1.json,False
6ec8b32740b767e50123e737c9154142.json,False
0400ea2706c4eb5110cd9ab3106e4936.json,False
16e5ceb0d4b8edd2fb9fa3895a2862d7.json,False
fc805dba06638e410ebff1e18faf23d9.json,False
bb40b735528c2998e1221d780b5b7a8b.json,False
17e2394694abee0f294d77c318408e74.json,False
9062cd9530dd60f82f570154e3f4c170.json,False
deec140616c4cbf4b7a858e70f86d0a4.json,False
7999929d10b1601dee547eb5c921a949.json,False
f5b1420933dc0f210a2664e23a58c039.json,False
427673aefa2aadcb3183aacd989672af.json,False
39bed8c40ecda935202d2d5740bb5e29.json,False
b77e81d28c2585489e07ccdbec8eb883.json,False
91dc40240bcec13d471b6c7262c11923.json,False
43abe88fdabed372c4a4e95904170d8e.json,False
3117eec5cff2a57ca1f153c89b32861b.json,False
3c37bae9fac0357d87a0c35feff1f6f7.json,False
a85f61b76a9a47b0acaa2ba8eaa0715d.json,False
c053a943ac9ab936e29c6e4680ee3bcb.json,False
3ab7cd8b546d2667588ab85705b12f47.json,False
894bc9b3578dd16a178de8674ab37072.json,False
f0e6afb79f59b5bafe4ca864ba1eae18.json,False
cf3028ec751e91960a9ae22945f12c5e.json,False
99702591c6ed9a5995ceb8b25d589404.json,False
26795d38208c80123f8ad95dd0780b08.json,False
793a6cd9d6e401502d0b65166a0cc02d.json,False
516e53af6a45641d1bc0accd04c72ad6.json,False
f93005ee72a6a4e5380e6d372908feb4.json,False
a1adb3baaa89c24247d8a6defd7e7d5a.json,False
e4738d828b366ac21572e6a17f7ecba4.json,False
5bd7cb67c62c3878aa89fd707d1358c1.json,False
5238cd440047a8a1a55f194bbb4ccd02.json,False
e3f223e336a06616e581f26c4bb9e256.json,False
49aee2d03d21a97684ed5b23dd7154e5.json,False
86872b8d5644f1a1c55384908b7073a0.json,False
d7e41d20f27dd0869c82eed93b2388cd.json,False
5c31fb88a9e9185be3e7b02771024916.json,False
6956facc98a5a123e2ae625dd79e11ad.json,False
94ad55b66882c742e3784d8b7e0a1855.json,False
9be20e5c41a7c2188ea0af80846ba981.json,False
a4db330dc37d061a535d6cf00b15906a.json,False
6d5aaa20ea45eb247e483cc9c0519f63.json,False
0cd70e3262a214fd104813826dd612c9.json,False
c5aff3d38c76af1e52c949d588f62f15.json,False
e8ff4cb488fea8e0ad78e8dc28ae884c.json,False
0d057b1b2d81728cb97f5484e9344fc0.json,False
573fc67d657e69459d44da141db76733.json,False
09114656c3d5c3ddff3d58ed2d2a7757.json,False
feb7919fcdf1d811aef113df1d9f3547.json,False
3fa8dd9c1ff86fbafd5f2bbfb1bf4f97.json,False
d52dd766da1df8f93dca1d90ca70e369.json,False
42f3040d8971d1d23f78b3adb53a70e5.json,False
b3dfdaed7980439a51bc6de3a99ee5f3.json,False
fe9bf743c55c2b497e3af2b29bb46af5.json,False
420106b9f204088f6a424fcf41e64cab.json,False
99c4bd112d62829b247eb1effeaaaf94.json,False
8b29a8f5953b2fcb364a2abe87cde7e4.json,False
cddfe4145cba38f0774828650d9c4f79.json,False
5614426a4ebfe3ffc4bb597e214793aa.json,False
530681b9bba99bf27ff9aa6dc8a443e9.json,False
85c262f65921b36525ed1717308dcbc9.json,False
d8d2032483c2ff1c59ec3d08c3b781e5.json,False
cbc35efcebfbab43b69f4b1ce077ba9c.json,False
3c0e73b3e9f4ecda3941bc873478afdf.json,False
2478b977df5337a7105e8d7c2e214025.json,False
fbab7e9bf1780fd2bc99e44d46535be5.json,False
32b7ea7e6ca69ac754cff9bf15b92009.json,False
a28cfcdfd764828f9b8407704c5f0ccb.json,False
cc55f228f56b7f72c09213a55eaca4d1.json,False
a1c64958b94321630637098e9d09a591.json,False
21f9f9c0da99c0f3313e4100121cd2a6.json,False
39cb80ea39b0a5c8b50c8e7be8b78ddd.json,False
14b02b5b4080022b3bc90134346e087c.json,False
c0caa5138b067575dc19666370d650dd.json,False
b45fbbd7bcc782459038b68aef53eeb4.json,False
176d4daa900108c1ed6023784b326027.json,False
ff4dbe26278bfda759ee8b1f10d94d3b.json,False
f2c6e588978118522898340fb9c5dd61.json,False
430de5f0127b2a822cafe8ff01923fb8.json,False
